sku,title,slug,category,brand,freq_range,ports,dynamic_range,chassis,specs,sort_value,compare_table,compare_note,short_description,overview,applications,options_own,options_common,source
3674B,Ceyear 3674B,ceyear-3674b,network-analyzers,Ceyear,10 МГц – 9 ГГц,"2 (станд.), 4 — с опцией -400","до 140 дБ (типовое значение, в зависимости от диапазона)","Настольный, 15,6″ сенсорный экран","Разрешение по частоте:0,1 Гц|Точность частоты:±1×10⁻⁷ (23 °C ±3 °C)|Тип разъёма:3.5 мм (вилка), 50 Ом|Полоса ПЧ (IFBW):1 Гц – 30 МГц|Разрешение по амплитуде:0,001 дБ/дел|Разрешение по фазе:0,001°/дел|Интерфейсы:GPIB, USB, DP, LAN|Дисплей:15,6″ сенсорный|Габариты:2-порт 475×279×560 мм; 4-порт 475×279×660 мм|Макс. потребление:500 Вт|Питание:220 В 50 Гц или 110 В 50/60 Гц, однофазное",90,"Параметр|Ceyear 3674B|Ceyear 3674C|Ceyear 3674D|Ceyear 3674E|Ceyear 3674F|Ceyear 3674G|Ceyear 3674H|Ceyear 3674K|Ceyear 3674L|Ceyear 3674N|Ceyear 3674P
Диапазон частот|10 МГц – 9 ГГц|10 МГц – 14 ГГц|10 МГц – 20 ГГц|10 МГц – 26,5 ГГц|10 МГц – 32 ГГц|10 МГц – 44 ГГц|10 МГц – 50 ГГц|10 МГц – 53 ГГц|10 МГц – 67 ГГц|10 МГц – 90 ГГц|10 МГц – 110 ГГц
Тип разъёма|3.5 мм|3.5 мм|3.5 мм|3.5 мм|2.4 мм|2.4 мм|2.4 мм|1.85 мм|1.85 мм|1.0 мм|1.0 мм
Динамический диапазон|до 140 дБ|до 140 дБ|до 140 дБ|до 140 дБ|до 140 дБ|до 140 дБ|до 140 дБ|до 140 дБ|до 140 дБ|до 110 дБ|до 110 дБ
Порты|2 (станд.), 4 — опция|2 (станд.), 4 — опция|2 (станд.), 4 — опция|2 (станд.), 4 — опция|2 (станд.), 4 — опция|2 (станд.), 4 — опция|2 (станд.), 4 — опция|2 (станд.), 4 — опция|2 (станд.), 4 — опция|2 (станд.), 4 — опция|2 (станд.)
Макс. масса|50 кг|50 кг|50 кг|50 кг|50 кг|50 кг|50 кг|50 кг|50 кг|50 кг|50 кг","Выбор модели определяется верхней границей нужного диапазона и, соответственно, типом разъёма: 3.5 мм — до 26,5 ГГц (3674B/C/D/E), 2.4 мм — до 50 ГГц (3674F/G/H), 1.85 мм — до 67 ГГц (3674K/L), 1.0 мм — до 90/110 ГГц (3674N/P). Для диапазона выше 26,5 ГГц коаксиальным способом без перехода на волноводы — система 3674PA (до 110 ГГц на базе 3674E/F/G/H/K/L с частотными расширителями).","Широкополосный анализатор цепей Ceyear 3674B (10 МГц – 9 ГГц, разъём 3.5 мм) — динамический диапазон до 140 дБ, 2 порта в базе (опция до 4), полоса ПЧ до 30 МГц, до 200 001 точек измерения.","- Сверхширокополосное коаксиальное покрытие: 500 Гц – 110 ГГц (в зависимости от модели).
- Полоса ПЧ (IFBW) до 30 МГц, до 200 001 точек измерения за развёртку.
- Сверхбыстрая развёртка, динамический диапазон до 140 дБ.
- 21 расширенная функция измерений: импульсные S-параметры, измерение преобразователей частоты/смесителей, компрессия усиления, коэффициент шума, спектральный анализ, целостность сигнала, THD, активная интермодуляционная дисторсия, автоматическое удаление влияния оснастки.
- Синхронная запись команд SCPI и генерация скрипта в один клик — экономит время при автоматизации тестов.
- 15,6″ мультисенсорный экран, одновременный показ нескольких параметров/окон.","lab:Тестирование полупроводниковых чипов, материалов, СВЧ-компонентов|antenna:Испытания антенн и высокочастотных трактов|code:Анализ целостности сигнала, скоростные кабельные тесты|receiver:Производственные линии и стенды с автоматизацией по SCPI","3674B-003|Измерение коэффициента шума|Точное измерение S-параметров, коэффициента и параметров шума (нужны доп. опции конфигурируемого тракта — полный список см. в PDF)
3674B-008|Импульсные измерения|S-параметры в импульсном режиме, порты 1 и 3 выдают импульсную модуляцию
3674B-023|Векторное измерение смесителей/преобразователей|Амплитуда, абсолютная фаза и задержка преобразователя частоты (требуется опция смещения частоты S20)
3674B-400|4-портовое измерение|Апгрейд до четырёхпортового анализатора с двухисточниковым возбуждением
3674-S30|Многоканальный спектральный анализ|Спектральный анализ по нескольким каналам","3674-006|Англоязычная версия|Переключение лицевой/задней панели и операционной системы на английский
3674-007|ОС Linux|Конфигурация ОС Linux вместо Windows
3674-S07|Автоматическое удаление влияния оснастки (AFR)|Автотестирование и устранение влияния измерительной оснастки для несимметричных и балансных устройств
3674-S10|Измерения во временной области|Определение и анализ неоднородностей в устройствах, оснастке, кабелях
3674-S11|Продвинутый анализ временной области|TDR-импеданс, анализ глазковой диаграммы и др.
3674-S20|Функция смещения частоты|Для измерений со смещением частоты (требуется для ряда других опций — смесителей, интермодуляции)
3674-S26|Измерение компрессии усиления|Компрессия усиления для активных устройств (усилителей)
31101|Механический калибровочный комплект N-type 50 Ом|Калибровка в полосе DC – 18 ГГц
31121A|Механический калибровочный комплект 3,5 мм|Калибровка в полосе DC – 6 ГГц
31123|Механический калибровочный комплект 2,4 мм|Калибровка в полосе DC – 40 ГГц
20402|Электронный калибровочный комплект|Калибровка 300 кГц – 18 ГГц, N-type, 2 порта
20405|Электронный калибровочный комплект|Калибровка 10 МГц – 20 ГГц, 3,5 мм, 4 порта
87601|Набор СВЧ-адаптеров (N-type)|Переходники N-type на 3,5 мм, 2,4 мм и др.
3674-062|Комплект для монтажа в стойку|Установка в стойку
3674-063|Руководство пользователя (печатное)|Бумажная версия руководства
—|Полный перечень опций (более 80 позиций — калибровочные комплекты и кабели под каждый тип разъёма, программируемые аттенюаторы, bias-tee, услуги калибровки и продления гарантии)|См. полный даташит Ceyear 3674 Series (PDF) или уточните у менеджера",Ceyear 3674 Series Vector Network Analyzer Datasheet
3674C,Ceyear 3674C,ceyear-3674c,network-analyzers,Ceyear,10 МГц – 14 ГГц,"2 (станд.), 4 — с опцией -400","до 140 дБ (типовое значение, в зависимости от диапазона)","Настольный, 15,6″ сенсорный экран","Разрешение по частоте:0,1 Гц|Точность частоты:±1×10⁻⁷ (23 °C ±3 °C)|Тип разъёма:3.5 мм (вилка), 50 Ом|Полоса ПЧ (IFBW):1 Гц – 30 МГц|Разрешение по амплитуде:0,001 дБ/дел|Разрешение по фазе:0,001°/дел|Интерфейсы:GPIB, USB, DP, LAN|Дисплей:15,6″ сенсорный|Габариты:2-порт 475×279×560 мм; 4-порт 475×279×660 мм|Макс. потребление:500 Вт|Питание:220 В 50 Гц или 110 В 50/60 Гц, однофазное",140,"Параметр|Ceyear 3674B|Ceyear 3674C|Ceyear 3674D|Ceyear 3674E|Ceyear 3674F|Ceyear 3674G|Ceyear 3674H|Ceyear 3674K|Ceyear 3674L|Ceyear 3674N|Ceyear 3674P
Диапазон частот|10 МГц – 9 ГГц|10 МГц – 14 ГГц|10 МГц – 20 ГГц|10 МГц – 26,5 ГГц|10 МГц – 32 ГГц|10 МГц – 44 ГГц|10 МГц – 50 ГГц|10 МГц – 53 ГГц|10 МГц – 67 ГГц|10 МГц – 90 ГГц|10 МГц – 110 ГГц
Тип разъёма|3.5 мм|3.5 мм|3.5 мм|3.5 мм|2.4 мм|2.4 мм|2.4 мм|1.85 мм|1.85 мм|1.0 мм|1.0 мм
Динамический диапазон|до 140 дБ|до 140 дБ|до 140 дБ|до 140 дБ|до 140 дБ|до 140 дБ|до 140 дБ|до 140 дБ|до 140 дБ|до 110 дБ|до 110 дБ
Порты|2 (станд.), 4 — опция|2 (станд.), 4 — опция|2 (станд.), 4 — опция|2 (станд.), 4 — опция|2 (станд.), 4 — опция|2 (станд.), 4 — опция|2 (станд.), 4 — опция|2 (станд.), 4 — опция|2 (станд.), 4 — опция|2 (станд.), 4 — опция|2 (станд.)
Макс. масса|50 кг|50 кг|50 кг|50 кг|50 кг|50 кг|50 кг|50 кг|50 кг|50 кг|50 кг","Выбор модели определяется верхней границей нужного диапазона и, соответственно, типом разъёма: 3.5 мм — до 26,5 ГГц (3674B/C/D/E), 2.4 мм — до 50 ГГц (3674F/G/H), 1.85 мм — до 67 ГГц (3674K/L), 1.0 мм — до 90/110 ГГц (3674N/P). Для диапазона выше 26,5 ГГц коаксиальным способом без перехода на волноводы — система 3674PA (до 110 ГГц на базе 3674E/F/G/H/K/L с частотными расширителями).","Широкополосный анализатор цепей Ceyear 3674C (10 МГц – 14 ГГц, разъём 3.5 мм) — динамический диапазон до 140 дБ, 2 порта в базе (опция до 4), полоса ПЧ до 30 МГц, до 200 001 точек измерения.","- Сверхширокополосное коаксиальное покрытие: 500 Гц – 110 ГГц (в зависимости от модели).
- Полоса ПЧ (IFBW) до 30 МГц, до 200 001 точек измерения за развёртку.
- Сверхбыстрая развёртка, динамический диапазон до 140 дБ.
- 21 расширенная функция измерений: импульсные S-параметры, измерение преобразователей частоты/смесителей, компрессия усиления, коэффициент шума, спектральный анализ, целостность сигнала, THD, активная интермодуляционная дисторсия, автоматическое удаление влияния оснастки.
- Синхронная запись команд SCPI и генерация скрипта в один клик — экономит время при автоматизации тестов.
- 15,6″ мультисенсорный экран, одновременный показ нескольких параметров/окон.","lab:Тестирование полупроводниковых чипов, материалов, СВЧ-компонентов|antenna:Испытания антенн и высокочастотных трактов|code:Анализ целостности сигнала, скоростные кабельные тесты|receiver:Производственные линии и стенды с автоматизацией по SCPI","3674C-003|Измерение коэффициента шума|Точное измерение S-параметров, коэффициента и параметров шума (нужны доп. опции конфигурируемого тракта — полный список см. в PDF)
3674C-008|Импульсные измерения|S-параметры в импульсном режиме, порты 1 и 3 выдают импульсную модуляцию
3674C-023|Векторное измерение смесителей/преобразователей|Амплитуда, абсолютная фаза и задержка преобразователя частоты (требуется опция смещения частоты S20)
3674C-400|4-портовое измерение|Апгрейд до четырёхпортового анализатора с двухисточниковым возбуждением
3674-S30|Многоканальный спектральный анализ|Спектральный анализ по нескольким каналам","3674-006|Англоязычная версия|Переключение лицевой/задней панели и операционной системы на английский
3674-007|ОС Linux|Конфигурация ОС Linux вместо Windows
3674-S07|Автоматическое удаление влияния оснастки (AFR)|Автотестирование и устранение влияния измерительной оснастки для несимметричных и балансных устройств
3674-S10|Измерения во временной области|Определение и анализ неоднородностей в устройствах, оснастке, кабелях
3674-S11|Продвинутый анализ временной области|TDR-импеданс, анализ глазковой диаграммы и др.
3674-S20|Функция смещения частоты|Для измерений со смещением частоты (требуется для ряда других опций — смесителей, интермодуляции)
3674-S26|Измерение компрессии усиления|Компрессия усиления для активных устройств (усилителей)
31101|Механический калибровочный комплект N-type 50 Ом|Калибровка в полосе DC – 18 ГГц
31121A|Механический калибровочный комплект 3,5 мм|Калибровка в полосе DC – 6 ГГц
31123|Механический калибровочный комплект 2,4 мм|Калибровка в полосе DC – 40 ГГц
20402|Электронный калибровочный комплект|Калибровка 300 кГц – 18 ГГц, N-type, 2 порта
20405|Электронный калибровочный комплект|Калибровка 10 МГц – 20 ГГц, 3,5 мм, 4 порта
87601|Набор СВЧ-адаптеров (N-type)|Переходники N-type на 3,5 мм, 2,4 мм и др.
3674-062|Комплект для монтажа в стойку|Установка в стойку
3674-063|Руководство пользователя (печатное)|Бумажная версия руководства
—|Полный перечень опций (более 80 позиций — калибровочные комплекты и кабели под каждый тип разъёма, программируемые аттенюаторы, bias-tee, услуги калибровки и продления гарантии)|См. полный даташит Ceyear 3674 Series (PDF) или уточните у менеджера",Ceyear 3674 Series Vector Network Analyzer Datasheet
3674D,Ceyear 3674D,ceyear-3674d,network-analyzers,Ceyear,10 МГц – 20 ГГц,"2 (станд.), 4 — с опцией -400","до 140 дБ (типовое значение, в зависимости от диапазона)","Настольный, 15,6″ сенсорный экран","Разрешение по частоте:0,1 Гц|Точность частоты:±1×10⁻⁷ (23 °C ±3 °C)|Тип разъёма:3.5 мм (вилка), 50 Ом|Полоса ПЧ (IFBW):1 Гц – 30 МГц|Разрешение по амплитуде:0,001 дБ/дел|Разрешение по фазе:0,001°/дел|Интерфейсы:GPIB, USB, DP, LAN|Дисплей:15,6″ сенсорный|Габариты:2-порт 475×279×560 мм; 4-порт 475×279×660 мм|Макс. потребление:500 Вт|Питание:220 В 50 Гц или 110 В 50/60 Гц, однофазное",200,"Параметр|Ceyear 3674B|Ceyear 3674C|Ceyear 3674D|Ceyear 3674E|Ceyear 3674F|Ceyear 3674G|Ceyear 3674H|Ceyear 3674K|Ceyear 3674L|Ceyear 3674N|Ceyear 3674P
Диапазон частот|10 МГц – 9 ГГц|10 МГц – 14 ГГц|10 МГц – 20 ГГц|10 МГц – 26,5 ГГц|10 МГц – 32 ГГц|10 МГц – 44 ГГц|10 МГц – 50 ГГц|10 МГц – 53 ГГц|10 МГц – 67 ГГц|10 МГц – 90 ГГц|10 МГц – 110 ГГц
Тип разъёма|3.5 мм|3.5 мм|3.5 мм|3.5 мм|2.4 мм|2.4 мм|2.4 мм|1.85 мм|1.85 мм|1.0 мм|1.0 мм
Динамический диапазон|до 140 дБ|до 140 дБ|до 140 дБ|до 140 дБ|до 140 дБ|до 140 дБ|до 140 дБ|до 140 дБ|до 140 дБ|до 110 дБ|до 110 дБ
Порты|2 (станд.), 4 — опция|2 (станд.), 4 — опция|2 (станд.), 4 — опция|2 (станд.), 4 — опция|2 (станд.), 4 — опция|2 (станд.), 4 — опция|2 (станд.), 4 — опция|2 (станд.), 4 — опция|2 (станд.), 4 — опция|2 (станд.), 4 — опция|2 (станд.)
Макс. масса|50 кг|50 кг|50 кг|50 кг|50 кг|50 кг|50 кг|50 кг|50 кг|50 кг|50 кг","Выбор модели определяется верхней границей нужного диапазона и, соответственно, типом разъёма: 3.5 мм — до 26,5 ГГц (3674B/C/D/E), 2.4 мм — до 50 ГГц (3674F/G/H), 1.85 мм — до 67 ГГц (3674K/L), 1.0 мм — до 90/110 ГГц (3674N/P). Для диапазона выше 26,5 ГГц коаксиальным способом без перехода на волноводы — система 3674PA (до 110 ГГц на базе 3674E/F/G/H/K/L с частотными расширителями).","Широкополосный анализатор цепей Ceyear 3674D (10 МГц – 20 ГГц, разъём 3.5 мм) — динамический диапазон до 140 дБ, 2 порта в базе (опция до 4), полоса ПЧ до 30 МГц, до 200 001 точек измерения.","- Сверхширокополосное коаксиальное покрытие: 500 Гц – 110 ГГц (в зависимости от модели).
- Полоса ПЧ (IFBW) до 30 МГц, до 200 001 точек измерения за развёртку.
- Сверхбыстрая развёртка, динамический диапазон до 140 дБ.
- 21 расширенная функция измерений: импульсные S-параметры, измерение преобразователей частоты/смесителей, компрессия усиления, коэффициент шума, спектральный анализ, целостность сигнала, THD, активная интермодуляционная дисторсия, автоматическое удаление влияния оснастки.
- Синхронная запись команд SCPI и генерация скрипта в один клик — экономит время при автоматизации тестов.
- 15,6″ мультисенсорный экран, одновременный показ нескольких параметров/окон.","lab:Тестирование полупроводниковых чипов, материалов, СВЧ-компонентов|antenna:Испытания антенн и высокочастотных трактов|code:Анализ целостности сигнала, скоростные кабельные тесты|receiver:Производственные линии и стенды с автоматизацией по SCPI","3674D-003|Измерение коэффициента шума|Точное измерение S-параметров, коэффициента и параметров шума (нужны доп. опции конфигурируемого тракта — полный список см. в PDF)
3674D-008|Импульсные измерения|S-параметры в импульсном режиме, порты 1 и 3 выдают импульсную модуляцию
3674D-023|Векторное измерение смесителей/преобразователей|Амплитуда, абсолютная фаза и задержка преобразователя частоты (требуется опция смещения частоты S20)
3674D-400|4-портовое измерение|Апгрейд до четырёхпортового анализатора с двухисточниковым возбуждением
3674-S30|Многоканальный спектральный анализ|Спектральный анализ по нескольким каналам","3674-006|Англоязычная версия|Переключение лицевой/задней панели и операционной системы на английский
3674-007|ОС Linux|Конфигурация ОС Linux вместо Windows
3674-S07|Автоматическое удаление влияния оснастки (AFR)|Автотестирование и устранение влияния измерительной оснастки для несимметричных и балансных устройств
3674-S10|Измерения во временной области|Определение и анализ неоднородностей в устройствах, оснастке, кабелях
3674-S11|Продвинутый анализ временной области|TDR-импеданс, анализ глазковой диаграммы и др.
3674-S20|Функция смещения частоты|Для измерений со смещением частоты (требуется для ряда других опций — смесителей, интермодуляции)
3674-S26|Измерение компрессии усиления|Компрессия усиления для активных устройств (усилителей)
31101|Механический калибровочный комплект N-type 50 Ом|Калибровка в полосе DC – 18 ГГц
31121A|Механический калибровочный комплект 3,5 мм|Калибровка в полосе DC – 6 ГГц
31123|Механический калибровочный комплект 2,4 мм|Калибровка в полосе DC – 40 ГГц
20402|Электронный калибровочный комплект|Калибровка 300 кГц – 18 ГГц, N-type, 2 порта
20405|Электронный калибровочный комплект|Калибровка 10 МГц – 20 ГГц, 3,5 мм, 4 порта
87601|Набор СВЧ-адаптеров (N-type)|Переходники N-type на 3,5 мм, 2,4 мм и др.
3674-062|Комплект для монтажа в стойку|Установка в стойку
3674-063|Руководство пользователя (печатное)|Бумажная версия руководства
—|Полный перечень опций (более 80 позиций — калибровочные комплекты и кабели под каждый тип разъёма, программируемые аттенюаторы, bias-tee, услуги калибровки и продления гарантии)|См. полный даташит Ceyear 3674 Series (PDF) или уточните у менеджера",Ceyear 3674 Series Vector Network Analyzer Datasheet
3674E,Ceyear 3674E,ceyear-3674e,network-analyzers,Ceyear,"10 МГц – 26,5 ГГц","2 (станд.), 4 — с опцией -400","до 140 дБ (типовое значение, в зависимости от диапазона)","Настольный, 15,6″ сенсорный экран","Разрешение по частоте:0,1 Гц|Точность частоты:±1×10⁻⁷ (23 °C ±3 °C)|Тип разъёма:3.5 мм (вилка), 50 Ом|Полоса ПЧ (IFBW):1 Гц – 30 МГц|Разрешение по амплитуде:0,001 дБ/дел|Разрешение по фазе:0,001°/дел|Интерфейсы:GPIB, USB, DP, LAN|Дисплей:15,6″ сенсорный|Габариты:2-порт 475×279×560 мм; 4-порт 475×279×660 мм|Макс. потребление:500 Вт|Питание:220 В 50 Гц или 110 В 50/60 Гц, однофазное",265,"Параметр|Ceyear 3674B|Ceyear 3674C|Ceyear 3674D|Ceyear 3674E|Ceyear 3674F|Ceyear 3674G|Ceyear 3674H|Ceyear 3674K|Ceyear 3674L|Ceyear 3674N|Ceyear 3674P
Диапазон частот|10 МГц – 9 ГГц|10 МГц – 14 ГГц|10 МГц – 20 ГГц|10 МГц – 26,5 ГГц|10 МГц – 32 ГГц|10 МГц – 44 ГГц|10 МГц – 50 ГГц|10 МГц – 53 ГГц|10 МГц – 67 ГГц|10 МГц – 90 ГГц|10 МГц – 110 ГГц
Тип разъёма|3.5 мм|3.5 мм|3.5 мм|3.5 мм|2.4 мм|2.4 мм|2.4 мм|1.85 мм|1.85 мм|1.0 мм|1.0 мм
Динамический диапазон|до 140 дБ|до 140 дБ|до 140 дБ|до 140 дБ|до 140 дБ|до 140 дБ|до 140 дБ|до 140 дБ|до 140 дБ|до 110 дБ|до 110 дБ
Порты|2 (станд.), 4 — опция|2 (станд.), 4 — опция|2 (станд.), 4 — опция|2 (станд.), 4 — опция|2 (станд.), 4 — опция|2 (станд.), 4 — опция|2 (станд.), 4 — опция|2 (станд.), 4 — опция|2 (станд.), 4 — опция|2 (станд.), 4 — опция|2 (станд.)
Макс. масса|50 кг|50 кг|50 кг|50 кг|50 кг|50 кг|50 кг|50 кг|50 кг|50 кг|50 кг","Выбор модели определяется верхней границей нужного диапазона и, соответственно, типом разъёма: 3.5 мм — до 26,5 ГГц (3674B/C/D/E), 2.4 мм — до 50 ГГц (3674F/G/H), 1.85 мм — до 67 ГГц (3674K/L), 1.0 мм — до 90/110 ГГц (3674N/P). Для диапазона выше 26,5 ГГц коаксиальным способом без перехода на волноводы — система 3674PA (до 110 ГГц на базе 3674E/F/G/H/K/L с частотными расширителями).","Широкополосный анализатор цепей Ceyear 3674E (10 МГц – 26,5 ГГц, разъём 3.5 мм) — динамический диапазон до 140 дБ, 2 порта в базе (опция до 4), полоса ПЧ до 30 МГц, до 200 001 точек измерения.","- Сверхширокополосное коаксиальное покрытие: 500 Гц – 110 ГГц (в зависимости от модели).
- Полоса ПЧ (IFBW) до 30 МГц, до 200 001 точек измерения за развёртку.
- Сверхбыстрая развёртка, динамический диапазон до 140 дБ.
- 21 расширенная функция измерений: импульсные S-параметры, измерение преобразователей частоты/смесителей, компрессия усиления, коэффициент шума, спектральный анализ, целостность сигнала, THD, активная интермодуляционная дисторсия, автоматическое удаление влияния оснастки.
- Синхронная запись команд SCPI и генерация скрипта в один клик — экономит время при автоматизации тестов.
- 15,6″ мультисенсорный экран, одновременный показ нескольких параметров/окон.","lab:Тестирование полупроводниковых чипов, материалов, СВЧ-компонентов|antenna:Испытания антенн и высокочастотных трактов|code:Анализ целостности сигнала, скоростные кабельные тесты|receiver:Производственные линии и стенды с автоматизацией по SCPI","3674E-003|Измерение коэффициента шума|Точное измерение S-параметров, коэффициента и параметров шума (нужны доп. опции конфигурируемого тракта — полный список см. в PDF)
3674E-008|Импульсные измерения|S-параметры в импульсном режиме, порты 1 и 3 выдают импульсную модуляцию
3674E-023|Векторное измерение смесителей/преобразователей|Амплитуда, абсолютная фаза и задержка преобразователя частоты (требуется опция смещения частоты S20)
3674E-400|4-портовое измерение|Апгрейд до четырёхпортового анализатора с двухисточниковым возбуждением
3674-S30|Многоканальный спектральный анализ|Спектральный анализ по нескольким каналам","3674-006|Англоязычная версия|Переключение лицевой/задней панели и операционной системы на английский
3674-007|ОС Linux|Конфигурация ОС Linux вместо Windows
3674-S07|Автоматическое удаление влияния оснастки (AFR)|Автотестирование и устранение влияния измерительной оснастки для несимметричных и балансных устройств
3674-S10|Измерения во временной области|Определение и анализ неоднородностей в устройствах, оснастке, кабелях
3674-S11|Продвинутый анализ временной области|TDR-импеданс, анализ глазковой диаграммы и др.
3674-S20|Функция смещения частоты|Для измерений со смещением частоты (требуется для ряда других опций — смесителей, интермодуляции)
3674-S26|Измерение компрессии усиления|Компрессия усиления для активных устройств (усилителей)
31101|Механический калибровочный комплект N-type 50 Ом|Калибровка в полосе DC – 18 ГГц
31121A|Механический калибровочный комплект 3,5 мм|Калибровка в полосе DC – 6 ГГц
31123|Механический калибровочный комплект 2,4 мм|Калибровка в полосе DC – 40 ГГц
20402|Электронный калибровочный комплект|Калибровка 300 кГц – 18 ГГц, N-type, 2 порта
20405|Электронный калибровочный комплект|Калибровка 10 МГц – 20 ГГц, 3,5 мм, 4 порта
87601|Набор СВЧ-адаптеров (N-type)|Переходники N-type на 3,5 мм, 2,4 мм и др.
3674-062|Комплект для монтажа в стойку|Установка в стойку
3674-063|Руководство пользователя (печатное)|Бумажная версия руководства
—|Полный перечень опций (более 80 позиций — калибровочные комплекты и кабели под каждый тип разъёма, программируемые аттенюаторы, bias-tee, услуги калибровки и продления гарантии)|См. полный даташит Ceyear 3674 Series (PDF) или уточните у менеджера",Ceyear 3674 Series Vector Network Analyzer Datasheet
3674F,Ceyear 3674F,ceyear-3674f,network-analyzers,Ceyear,10 МГц – 32 ГГц,"2 (станд.), 4 — с опцией -400","до 140 дБ (типовое значение, в зависимости от диапазона)","Настольный, 15,6″ сенсорный экран","Разрешение по частоте:0,1 Гц|Точность частоты:±1×10⁻⁷ (23 °C ±3 °C)|Тип разъёма:2.4 мм (вилка), 50 Ом|Полоса ПЧ (IFBW):1 Гц – 30 МГц|Разрешение по амплитуде:0,001 дБ/дел|Разрешение по фазе:0,001°/дел|Интерфейсы:GPIB, USB, DP, LAN|Дисплей:15,6″ сенсорный|Габариты:2-порт 475×279×560 мм; 4-порт 475×279×660 мм|Макс. потребление:500 Вт|Питание:220 В 50 Гц или 110 В 50/60 Гц, однофазное",320,"Параметр|Ceyear 3674B|Ceyear 3674C|Ceyear 3674D|Ceyear 3674E|Ceyear 3674F|Ceyear 3674G|Ceyear 3674H|Ceyear 3674K|Ceyear 3674L|Ceyear 3674N|Ceyear 3674P
Диапазон частот|10 МГц – 9 ГГц|10 МГц – 14 ГГц|10 МГц – 20 ГГц|10 МГц – 26,5 ГГц|10 МГц – 32 ГГц|10 МГц – 44 ГГц|10 МГц – 50 ГГц|10 МГц – 53 ГГц|10 МГц – 67 ГГц|10 МГц – 90 ГГц|10 МГц – 110 ГГц
Тип разъёма|3.5 мм|3.5 мм|3.5 мм|3.5 мм|2.4 мм|2.4 мм|2.4 мм|1.85 мм|1.85 мм|1.0 мм|1.0 мм
Динамический диапазон|до 140 дБ|до 140 дБ|до 140 дБ|до 140 дБ|до 140 дБ|до 140 дБ|до 140 дБ|до 140 дБ|до 140 дБ|до 110 дБ|до 110 дБ
Порты|2 (станд.), 4 — опция|2 (станд.), 4 — опция|2 (станд.), 4 — опция|2 (станд.), 4 — опция|2 (станд.), 4 — опция|2 (станд.), 4 — опция|2 (станд.), 4 — опция|2 (станд.), 4 — опция|2 (станд.), 4 — опция|2 (станд.), 4 — опция|2 (станд.)
Макс. масса|50 кг|50 кг|50 кг|50 кг|50 кг|50 кг|50 кг|50 кг|50 кг|50 кг|50 кг","Выбор модели определяется верхней границей нужного диапазона и, соответственно, типом разъёма: 3.5 мм — до 26,5 ГГц (3674B/C/D/E), 2.4 мм — до 50 ГГц (3674F/G/H), 1.85 мм — до 67 ГГц (3674K/L), 1.0 мм — до 90/110 ГГц (3674N/P). Для диапазона выше 26,5 ГГц коаксиальным способом без перехода на волноводы — система 3674PA (до 110 ГГц на базе 3674E/F/G/H/K/L с частотными расширителями).","Широкополосный анализатор цепей Ceyear 3674F (10 МГц – 32 ГГц, разъём 2.4 мм) — динамический диапазон до 140 дБ, 2 порта в базе (опция до 4), полоса ПЧ до 30 МГц, до 200 001 точек измерения.","- Сверхширокополосное коаксиальное покрытие: 500 Гц – 110 ГГц (в зависимости от модели).
- Полоса ПЧ (IFBW) до 30 МГц, до 200 001 точек измерения за развёртку.
- Сверхбыстрая развёртка, динамический диапазон до 140 дБ.
- 21 расширенная функция измерений: импульсные S-параметры, измерение преобразователей частоты/смесителей, компрессия усиления, коэффициент шума, спектральный анализ, целостность сигнала, THD, активная интермодуляционная дисторсия, автоматическое удаление влияния оснастки.
- Синхронная запись команд SCPI и генерация скрипта в один клик — экономит время при автоматизации тестов.
- 15,6″ мультисенсорный экран, одновременный показ нескольких параметров/окон.","lab:Тестирование полупроводниковых чипов, материалов, СВЧ-компонентов|antenna:Испытания антенн и высокочастотных трактов|code:Анализ целостности сигнала, скоростные кабельные тесты|receiver:Производственные линии и стенды с автоматизацией по SCPI","3674F-003|Измерение коэффициента шума|Точное измерение S-параметров, коэффициента и параметров шума (нужны доп. опции конфигурируемого тракта — полный список см. в PDF)
3674F-008|Импульсные измерения|S-параметры в импульсном режиме, порты 1 и 3 выдают импульсную модуляцию
3674F-023|Векторное измерение смесителей/преобразователей|Амплитуда, абсолютная фаза и задержка преобразователя частоты (требуется опция смещения частоты S20)
3674F-400|4-портовое измерение|Апгрейд до четырёхпортового анализатора с двухисточниковым возбуждением
3674-S30|Многоканальный спектральный анализ|Спектральный анализ по нескольким каналам","3674-006|Англоязычная версия|Переключение лицевой/задней панели и операционной системы на английский
3674-007|ОС Linux|Конфигурация ОС Linux вместо Windows
3674-S07|Автоматическое удаление влияния оснастки (AFR)|Автотестирование и устранение влияния измерительной оснастки для несимметричных и балансных устройств
3674-S10|Измерения во временной области|Определение и анализ неоднородностей в устройствах, оснастке, кабелях
3674-S11|Продвинутый анализ временной области|TDR-импеданс, анализ глазковой диаграммы и др.
3674-S20|Функция смещения частоты|Для измерений со смещением частоты (требуется для ряда других опций — смесителей, интермодуляции)
3674-S26|Измерение компрессии усиления|Компрессия усиления для активных устройств (усилителей)
31101|Механический калибровочный комплект N-type 50 Ом|Калибровка в полосе DC – 18 ГГц
31121A|Механический калибровочный комплект 3,5 мм|Калибровка в полосе DC – 6 ГГц
31123|Механический калибровочный комплект 2,4 мм|Калибровка в полосе DC – 40 ГГц
20402|Электронный калибровочный комплект|Калибровка 300 кГц – 18 ГГц, N-type, 2 порта
20405|Электронный калибровочный комплект|Калибровка 10 МГц – 20 ГГц, 3,5 мм, 4 порта
87601|Набор СВЧ-адаптеров (N-type)|Переходники N-type на 3,5 мм, 2,4 мм и др.
3674-062|Комплект для монтажа в стойку|Установка в стойку
3674-063|Руководство пользователя (печатное)|Бумажная версия руководства
—|Полный перечень опций (более 80 позиций — калибровочные комплекты и кабели под каждый тип разъёма, программируемые аттенюаторы, bias-tee, услуги калибровки и продления гарантии)|См. полный даташит Ceyear 3674 Series (PDF) или уточните у менеджера",Ceyear 3674 Series Vector Network Analyzer Datasheet
3674G,Ceyear 3674G,ceyear-3674g,network-analyzers,Ceyear,10 МГц – 44 ГГц,"2 (станд.), 4 — с опцией -400","до 140 дБ (типовое значение, в зависимости от диапазона)","Настольный, 15,6″ сенсорный экран","Разрешение по частоте:0,1 Гц|Точность частоты:±1×10⁻⁷ (23 °C ±3 °C)|Тип разъёма:2.4 мм (вилка), 50 Ом|Полоса ПЧ (IFBW):1 Гц – 30 МГц|Разрешение по амплитуде:0,001 дБ/дел|Разрешение по фазе:0,001°/дел|Интерфейсы:GPIB, USB, DP, LAN|Дисплей:15,6″ сенсорный|Габариты:2-порт 475×279×560 мм; 4-порт 475×279×660 мм|Макс. потребление:500 Вт|Питание:220 В 50 Гц или 110 В 50/60 Гц, однофазное",440,"Параметр|Ceyear 3674B|Ceyear 3674C|Ceyear 3674D|Ceyear 3674E|Ceyear 3674F|Ceyear 3674G|Ceyear 3674H|Ceyear 3674K|Ceyear 3674L|Ceyear 3674N|Ceyear 3674P
Диапазон частот|10 МГц – 9 ГГц|10 МГц – 14 ГГц|10 МГц – 20 ГГц|10 МГц – 26,5 ГГц|10 МГц – 32 ГГц|10 МГц – 44 ГГц|10 МГц – 50 ГГц|10 МГц – 53 ГГц|10 МГц – 67 ГГц|10 МГц – 90 ГГц|10 МГц – 110 ГГц
Тип разъёма|3.5 мм|3.5 мм|3.5 мм|3.5 мм|2.4 мм|2.4 мм|2.4 мм|1.85 мм|1.85 мм|1.0 мм|1.0 мм
Динамический диапазон|до 140 дБ|до 140 дБ|до 140 дБ|до 140 дБ|до 140 дБ|до 140 дБ|до 140 дБ|до 140 дБ|до 140 дБ|до 110 дБ|до 110 дБ
Порты|2 (станд.), 4 — опция|2 (станд.), 4 — опция|2 (станд.), 4 — опция|2 (станд.), 4 — опция|2 (станд.), 4 — опция|2 (станд.), 4 — опция|2 (станд.), 4 — опция|2 (станд.), 4 — опция|2 (станд.), 4 — опция|2 (станд.), 4 — опция|2 (станд.)
Макс. масса|50 кг|50 кг|50 кг|50 кг|50 кг|50 кг|50 кг|50 кг|50 кг|50 кг|50 кг","Выбор модели определяется верхней границей нужного диапазона и, соответственно, типом разъёма: 3.5 мм — до 26,5 ГГц (3674B/C/D/E), 2.4 мм — до 50 ГГц (3674F/G/H), 1.85 мм — до 67 ГГц (3674K/L), 1.0 мм — до 90/110 ГГц (3674N/P). Для диапазона выше 26,5 ГГц коаксиальным способом без перехода на волноводы — система 3674PA (до 110 ГГц на базе 3674E/F/G/H/K/L с частотными расширителями).","Широкополосный анализатор цепей Ceyear 3674G (10 МГц – 44 ГГц, разъём 2.4 мм) — динамический диапазон до 140 дБ, 2 порта в базе (опция до 4), полоса ПЧ до 30 МГц, до 200 001 точек измерения.","- Сверхширокополосное коаксиальное покрытие: 500 Гц – 110 ГГц (в зависимости от модели).
- Полоса ПЧ (IFBW) до 30 МГц, до 200 001 точек измерения за развёртку.
- Сверхбыстрая развёртка, динамический диапазон до 140 дБ.
- 21 расширенная функция измерений: импульсные S-параметры, измерение преобразователей частоты/смесителей, компрессия усиления, коэффициент шума, спектральный анализ, целостность сигнала, THD, активная интермодуляционная дисторсия, автоматическое удаление влияния оснастки.
- Синхронная запись команд SCPI и генерация скрипта в один клик — экономит время при автоматизации тестов.
- 15,6″ мультисенсорный экран, одновременный показ нескольких параметров/окон.","lab:Тестирование полупроводниковых чипов, материалов, СВЧ-компонентов|antenna:Испытания антенн и высокочастотных трактов|code:Анализ целостности сигнала, скоростные кабельные тесты|receiver:Производственные линии и стенды с автоматизацией по SCPI","3674G-003|Измерение коэффициента шума|Точное измерение S-параметров, коэффициента и параметров шума (нужны доп. опции конфигурируемого тракта — полный список см. в PDF)
3674G-008|Импульсные измерения|S-параметры в импульсном режиме, порты 1 и 3 выдают импульсную модуляцию
3674G-023|Векторное измерение смесителей/преобразователей|Амплитуда, абсолютная фаза и задержка преобразователя частоты (требуется опция смещения частоты S20)
3674G-400|4-портовое измерение|Апгрейд до четырёхпортового анализатора с двухисточниковым возбуждением
3674-S30|Многоканальный спектральный анализ|Спектральный анализ по нескольким каналам","3674-006|Англоязычная версия|Переключение лицевой/задней панели и операционной системы на английский
3674-007|ОС Linux|Конфигурация ОС Linux вместо Windows
3674-S07|Автоматическое удаление влияния оснастки (AFR)|Автотестирование и устранение влияния измерительной оснастки для несимметричных и балансных устройств
3674-S10|Измерения во временной области|Определение и анализ неоднородностей в устройствах, оснастке, кабелях
3674-S11|Продвинутый анализ временной области|TDR-импеданс, анализ глазковой диаграммы и др.
3674-S20|Функция смещения частоты|Для измерений со смещением частоты (требуется для ряда других опций — смесителей, интермодуляции)
3674-S26|Измерение компрессии усиления|Компрессия усиления для активных устройств (усилителей)
31101|Механический калибровочный комплект N-type 50 Ом|Калибровка в полосе DC – 18 ГГц
31121A|Механический калибровочный комплект 3,5 мм|Калибровка в полосе DC – 6 ГГц
31123|Механический калибровочный комплект 2,4 мм|Калибровка в полосе DC – 40 ГГц
20402|Электронный калибровочный комплект|Калибровка 300 кГц – 18 ГГц, N-type, 2 порта
20405|Электронный калибровочный комплект|Калибровка 10 МГц – 20 ГГц, 3,5 мм, 4 порта
87601|Набор СВЧ-адаптеров (N-type)|Переходники N-type на 3,5 мм, 2,4 мм и др.
3674-062|Комплект для монтажа в стойку|Установка в стойку
3674-063|Руководство пользователя (печатное)|Бумажная версия руководства
—|Полный перечень опций (более 80 позиций — калибровочные комплекты и кабели под каждый тип разъёма, программируемые аттенюаторы, bias-tee, услуги калибровки и продления гарантии)|См. полный даташит Ceyear 3674 Series (PDF) или уточните у менеджера",Ceyear 3674 Series Vector Network Analyzer Datasheet
3674H,Ceyear 3674H,ceyear-3674h,network-analyzers,Ceyear,10 МГц – 50 ГГц,"2 (станд.), 4 — с опцией -400","до 140 дБ (типовое значение, в зависимости от диапазона)","Настольный, 15,6″ сенсорный экран","Разрешение по частоте:0,1 Гц|Точность частоты:±1×10⁻⁷ (23 °C ±3 °C)|Тип разъёма:2.4 мм (вилка), 50 Ом|Полоса ПЧ (IFBW):1 Гц – 30 МГц|Разрешение по амплитуде:0,001 дБ/дел|Разрешение по фазе:0,001°/дел|Интерфейсы:GPIB, USB, DP, LAN|Дисплей:15,6″ сенсорный|Габариты:2-порт 475×279×560 мм; 4-порт 475×279×660 мм|Макс. потребление:500 Вт|Питание:220 В 50 Гц или 110 В 50/60 Гц, однофазное",500,"Параметр|Ceyear 3674B|Ceyear 3674C|Ceyear 3674D|Ceyear 3674E|Ceyear 3674F|Ceyear 3674G|Ceyear 3674H|Ceyear 3674K|Ceyear 3674L|Ceyear 3674N|Ceyear 3674P
Диапазон частот|10 МГц – 9 ГГц|10 МГц – 14 ГГц|10 МГц – 20 ГГц|10 МГц – 26,5 ГГц|10 МГц – 32 ГГц|10 МГц – 44 ГГц|10 МГц – 50 ГГц|10 МГц – 53 ГГц|10 МГц – 67 ГГц|10 МГц – 90 ГГц|10 МГц – 110 ГГц
Тип разъёма|3.5 мм|3.5 мм|3.5 мм|3.5 мм|2.4 мм|2.4 мм|2.4 мм|1.85 мм|1.85 мм|1.0 мм|1.0 мм
Динамический диапазон|до 140 дБ|до 140 дБ|до 140 дБ|до 140 дБ|до 140 дБ|до 140 дБ|до 140 дБ|до 140 дБ|до 140 дБ|до 110 дБ|до 110 дБ
Порты|2 (станд.), 4 — опция|2 (станд.), 4 — опция|2 (станд.), 4 — опция|2 (станд.), 4 — опция|2 (станд.), 4 — опция|2 (станд.), 4 — опция|2 (станд.), 4 — опция|2 (станд.), 4 — опция|2 (станд.), 4 — опция|2 (станд.), 4 — опция|2 (станд.)
Макс. масса|50 кг|50 кг|50 кг|50 кг|50 кг|50 кг|50 кг|50 кг|50 кг|50 кг|50 кг","Выбор модели определяется верхней границей нужного диапазона и, соответственно, типом разъёма: 3.5 мм — до 26,5 ГГц (3674B/C/D/E), 2.4 мм — до 50 ГГц (3674F/G/H), 1.85 мм — до 67 ГГц (3674K/L), 1.0 мм — до 90/110 ГГц (3674N/P). Для диапазона выше 26,5 ГГц коаксиальным способом без перехода на волноводы — система 3674PA (до 110 ГГц на базе 3674E/F/G/H/K/L с частотными расширителями).","Широкополосный анализатор цепей Ceyear 3674H (10 МГц – 50 ГГц, разъём 2.4 мм) — динамический диапазон до 140 дБ, 2 порта в базе (опция до 4), полоса ПЧ до 30 МГц, до 200 001 точек измерения.","- Сверхширокополосное коаксиальное покрытие: 500 Гц – 110 ГГц (в зависимости от модели).
- Полоса ПЧ (IFBW) до 30 МГц, до 200 001 точек измерения за развёртку.
- Сверхбыстрая развёртка, динамический диапазон до 140 дБ.
- 21 расширенная функция измерений: импульсные S-параметры, измерение преобразователей частоты/смесителей, компрессия усиления, коэффициент шума, спектральный анализ, целостность сигнала, THD, активная интермодуляционная дисторсия, автоматическое удаление влияния оснастки.
- Синхронная запись команд SCPI и генерация скрипта в один клик — экономит время при автоматизации тестов.
- 15,6″ мультисенсорный экран, одновременный показ нескольких параметров/окон.","lab:Тестирование полупроводниковых чипов, материалов, СВЧ-компонентов|antenna:Испытания антенн и высокочастотных трактов|code:Анализ целостности сигнала, скоростные кабельные тесты|receiver:Производственные линии и стенды с автоматизацией по SCPI","3674H-003|Измерение коэффициента шума|Точное измерение S-параметров, коэффициента и параметров шума (нужны доп. опции конфигурируемого тракта — полный список см. в PDF)
3674H-008|Импульсные измерения|S-параметры в импульсном режиме, порты 1 и 3 выдают импульсную модуляцию
3674H-023|Векторное измерение смесителей/преобразователей|Амплитуда, абсолютная фаза и задержка преобразователя частоты (требуется опция смещения частоты S20)
3674H-400|4-портовое измерение|Апгрейд до четырёхпортового анализатора с двухисточниковым возбуждением
3674-S30|Многоканальный спектральный анализ|Спектральный анализ по нескольким каналам","3674-006|Англоязычная версия|Переключение лицевой/задней панели и операционной системы на английский
3674-007|ОС Linux|Конфигурация ОС Linux вместо Windows
3674-S07|Автоматическое удаление влияния оснастки (AFR)|Автотестирование и устранение влияния измерительной оснастки для несимметричных и балансных устройств
3674-S10|Измерения во временной области|Определение и анализ неоднородностей в устройствах, оснастке, кабелях
3674-S11|Продвинутый анализ временной области|TDR-импеданс, анализ глазковой диаграммы и др.
3674-S20|Функция смещения частоты|Для измерений со смещением частоты (требуется для ряда других опций — смесителей, интермодуляции)
3674-S26|Измерение компрессии усиления|Компрессия усиления для активных устройств (усилителей)
31101|Механический калибровочный комплект N-type 50 Ом|Калибровка в полосе DC – 18 ГГц
31121A|Механический калибровочный комплект 3,5 мм|Калибровка в полосе DC – 6 ГГц
31123|Механический калибровочный комплект 2,4 мм|Калибровка в полосе DC – 40 ГГц
20402|Электронный калибровочный комплект|Калибровка 300 кГц – 18 ГГц, N-type, 2 порта
20405|Электронный калибровочный комплект|Калибровка 10 МГц – 20 ГГц, 3,5 мм, 4 порта
87601|Набор СВЧ-адаптеров (N-type)|Переходники N-type на 3,5 мм, 2,4 мм и др.
3674-062|Комплект для монтажа в стойку|Установка в стойку
3674-063|Руководство пользователя (печатное)|Бумажная версия руководства
—|Полный перечень опций (более 80 позиций — калибровочные комплекты и кабели под каждый тип разъёма, программируемые аттенюаторы, bias-tee, услуги калибровки и продления гарантии)|См. полный даташит Ceyear 3674 Series (PDF) или уточните у менеджера",Ceyear 3674 Series Vector Network Analyzer Datasheet
3674K,Ceyear 3674K,ceyear-3674k,network-analyzers,Ceyear,10 МГц – 53 ГГц,"2 (станд.), 4 — с опцией -400","до 140 дБ (типовое значение, в зависимости от диапазона)","Настольный, 15,6″ сенсорный экран","Разрешение по частоте:0,1 Гц|Точность частоты:±1×10⁻⁷ (23 °C ±3 °C)|Тип разъёма:1.85 мм (вилка), 50 Ом|Полоса ПЧ (IFBW):1 Гц – 30 МГц|Разрешение по амплитуде:0,001 дБ/дел|Разрешение по фазе:0,001°/дел|Интерфейсы:GPIB, USB, DP, LAN|Дисплей:15,6″ сенсорный|Габариты:2-порт 475×279×560 мм; 4-порт 475×279×660 мм|Макс. потребление:500 Вт|Питание:220 В 50 Гц или 110 В 50/60 Гц, однофазное",530,"Параметр|Ceyear 3674B|Ceyear 3674C|Ceyear 3674D|Ceyear 3674E|Ceyear 3674F|Ceyear 3674G|Ceyear 3674H|Ceyear 3674K|Ceyear 3674L|Ceyear 3674N|Ceyear 3674P
Диапазон частот|10 МГц – 9 ГГц|10 МГц – 14 ГГц|10 МГц – 20 ГГц|10 МГц – 26,5 ГГц|10 МГц – 32 ГГц|10 МГц – 44 ГГц|10 МГц – 50 ГГц|10 МГц – 53 ГГц|10 МГц – 67 ГГц|10 МГц – 90 ГГц|10 МГц – 110 ГГц
Тип разъёма|3.5 мм|3.5 мм|3.5 мм|3.5 мм|2.4 мм|2.4 мм|2.4 мм|1.85 мм|1.85 мм|1.0 мм|1.0 мм
Динамический диапазон|до 140 дБ|до 140 дБ|до 140 дБ|до 140 дБ|до 140 дБ|до 140 дБ|до 140 дБ|до 140 дБ|до 140 дБ|до 110 дБ|до 110 дБ
Порты|2 (станд.), 4 — опция|2 (станд.), 4 — опция|2 (станд.), 4 — опция|2 (станд.), 4 — опция|2 (станд.), 4 — опция|2 (станд.), 4 — опция|2 (станд.), 4 — опция|2 (станд.), 4 — опция|2 (станд.), 4 — опция|2 (станд.), 4 — опция|2 (станд.)
Макс. масса|50 кг|50 кг|50 кг|50 кг|50 кг|50 кг|50 кг|50 кг|50 кг|50 кг|50 кг","Выбор модели определяется верхней границей нужного диапазона и, соответственно, типом разъёма: 3.5 мм — до 26,5 ГГц (3674B/C/D/E), 2.4 мм — до 50 ГГц (3674F/G/H), 1.85 мм — до 67 ГГц (3674K/L), 1.0 мм — до 90/110 ГГц (3674N/P). Для диапазона выше 26,5 ГГц коаксиальным способом без перехода на волноводы — система 3674PA (до 110 ГГц на базе 3674E/F/G/H/K/L с частотными расширителями).","Широкополосный анализатор цепей Ceyear 3674K (10 МГц – 53 ГГц, разъём 1.85 мм) — динамический диапазон до 140 дБ, 2 порта в базе (опция до 4), полоса ПЧ до 30 МГц, до 200 001 точек измерения.","- Сверхширокополосное коаксиальное покрытие: 500 Гц – 110 ГГц (в зависимости от модели).
- Полоса ПЧ (IFBW) до 30 МГц, до 200 001 точек измерения за развёртку.
- Сверхбыстрая развёртка, динамический диапазон до 140 дБ.
- 21 расширенная функция измерений: импульсные S-параметры, измерение преобразователей частоты/смесителей, компрессия усиления, коэффициент шума, спектральный анализ, целостность сигнала, THD, активная интермодуляционная дисторсия, автоматическое удаление влияния оснастки.
- Синхронная запись команд SCPI и генерация скрипта в один клик — экономит время при автоматизации тестов.
- 15,6″ мультисенсорный экран, одновременный показ нескольких параметров/окон.","lab:Тестирование полупроводниковых чипов, материалов, СВЧ-компонентов|antenna:Испытания антенн и высокочастотных трактов|code:Анализ целостности сигнала, скоростные кабельные тесты|receiver:Производственные линии и стенды с автоматизацией по SCPI","3674K-003|Измерение коэффициента шума|Точное измерение S-параметров, коэффициента и параметров шума (нужны доп. опции конфигурируемого тракта — полный список см. в PDF)
3674K-008|Импульсные измерения|S-параметры в импульсном режиме, порты 1 и 3 выдают импульсную модуляцию
3674K-023|Векторное измерение смесителей/преобразователей|Амплитуда, абсолютная фаза и задержка преобразователя частоты (требуется опция смещения частоты S20)
3674K-400|4-портовое измерение|Апгрейд до четырёхпортового анализатора с двухисточниковым возбуждением
3674-S30|Многоканальный спектральный анализ|Спектральный анализ по нескольким каналам","3674-006|Англоязычная версия|Переключение лицевой/задней панели и операционной системы на английский
3674-007|ОС Linux|Конфигурация ОС Linux вместо Windows
3674-S07|Автоматическое удаление влияния оснастки (AFR)|Автотестирование и устранение влияния измерительной оснастки для несимметричных и балансных устройств
3674-S10|Измерения во временной области|Определение и анализ неоднородностей в устройствах, оснастке, кабелях
3674-S11|Продвинутый анализ временной области|TDR-импеданс, анализ глазковой диаграммы и др.
3674-S20|Функция смещения частоты|Для измерений со смещением частоты (требуется для ряда других опций — смесителей, интермодуляции)
3674-S26|Измерение компрессии усиления|Компрессия усиления для активных устройств (усилителей)
31101|Механический калибровочный комплект N-type 50 Ом|Калибровка в полосе DC – 18 ГГц
31121A|Механический калибровочный комплект 3,5 мм|Калибровка в полосе DC – 6 ГГц
31123|Механический калибровочный комплект 2,4 мм|Калибровка в полосе DC – 40 ГГц
20402|Электронный калибровочный комплект|Калибровка 300 кГц – 18 ГГц, N-type, 2 порта
20405|Электронный калибровочный комплект|Калибровка 10 МГц – 20 ГГц, 3,5 мм, 4 порта
87601|Набор СВЧ-адаптеров (N-type)|Переходники N-type на 3,5 мм, 2,4 мм и др.
3674-062|Комплект для монтажа в стойку|Установка в стойку
3674-063|Руководство пользователя (печатное)|Бумажная версия руководства
—|Полный перечень опций (более 80 позиций — калибровочные комплекты и кабели под каждый тип разъёма, программируемые аттенюаторы, bias-tee, услуги калибровки и продления гарантии)|См. полный даташит Ceyear 3674 Series (PDF) или уточните у менеджера",Ceyear 3674 Series Vector Network Analyzer Datasheet
3674L,Ceyear 3674L,ceyear-3674l,network-analyzers,Ceyear,10 МГц – 67 ГГц,"2 (станд.), 4 — с опцией -400","до 140 дБ (типовое значение, в зависимости от диапазона)","Настольный, 15,6″ сенсорный экран","Разрешение по частоте:0,1 Гц|Точность частоты:±1×10⁻⁷ (23 °C ±3 °C)|Тип разъёма:1.85 мм (вилка), 50 Ом|Полоса ПЧ (IFBW):1 Гц – 30 МГц|Разрешение по амплитуде:0,001 дБ/дел|Разрешение по фазе:0,001°/дел|Интерфейсы:GPIB, USB, DP, LAN|Дисплей:15,6″ сенсорный|Габариты:2-порт 475×279×560 мм; 4-порт 475×279×660 мм|Макс. потребление:500 Вт|Питание:220 В 50 Гц или 110 В 50/60 Гц, однофазное",670,"Параметр|Ceyear 3674B|Ceyear 3674C|Ceyear 3674D|Ceyear 3674E|Ceyear 3674F|Ceyear 3674G|Ceyear 3674H|Ceyear 3674K|Ceyear 3674L|Ceyear 3674N|Ceyear 3674P
Диапазон частот|10 МГц – 9 ГГц|10 МГц – 14 ГГц|10 МГц – 20 ГГц|10 МГц – 26,5 ГГц|10 МГц – 32 ГГц|10 МГц – 44 ГГц|10 МГц – 50 ГГц|10 МГц – 53 ГГц|10 МГц – 67 ГГц|10 МГц – 90 ГГц|10 МГц – 110 ГГц
Тип разъёма|3.5 мм|3.5 мм|3.5 мм|3.5 мм|2.4 мм|2.4 мм|2.4 мм|1.85 мм|1.85 мм|1.0 мм|1.0 мм
Динамический диапазон|до 140 дБ|до 140 дБ|до 140 дБ|до 140 дБ|до 140 дБ|до 140 дБ|до 140 дБ|до 140 дБ|до 140 дБ|до 110 дБ|до 110 дБ
Порты|2 (станд.), 4 — опция|2 (станд.), 4 — опция|2 (станд.), 4 — опция|2 (станд.), 4 — опция|2 (станд.), 4 — опция|2 (станд.), 4 — опция|2 (станд.), 4 — опция|2 (станд.), 4 — опция|2 (станд.), 4 — опция|2 (станд.), 4 — опция|2 (станд.)
Макс. масса|50 кг|50 кг|50 кг|50 кг|50 кг|50 кг|50 кг|50 кг|50 кг|50 кг|50 кг","Выбор модели определяется верхней границей нужного диапазона и, соответственно, типом разъёма: 3.5 мм — до 26,5 ГГц (3674B/C/D/E), 2.4 мм — до 50 ГГц (3674F/G/H), 1.85 мм — до 67 ГГц (3674K/L), 1.0 мм — до 90/110 ГГц (3674N/P). Для диапазона выше 26,5 ГГц коаксиальным способом без перехода на волноводы — система 3674PA (до 110 ГГц на базе 3674E/F/G/H/K/L с частотными расширителями).","Широкополосный анализатор цепей Ceyear 3674L (10 МГц – 67 ГГц, разъём 1.85 мм) — динамический диапазон до 140 дБ, 2 порта в базе (опция до 4), полоса ПЧ до 30 МГц, до 200 001 точек измерения.","- Сверхширокополосное коаксиальное покрытие: 500 Гц – 110 ГГц (в зависимости от модели).
- Полоса ПЧ (IFBW) до 30 МГц, до 200 001 точек измерения за развёртку.
- Сверхбыстрая развёртка, динамический диапазон до 140 дБ.
- 21 расширенная функция измерений: импульсные S-параметры, измерение преобразователей частоты/смесителей, компрессия усиления, коэффициент шума, спектральный анализ, целостность сигнала, THD, активная интермодуляционная дисторсия, автоматическое удаление влияния оснастки.
- Синхронная запись команд SCPI и генерация скрипта в один клик — экономит время при автоматизации тестов.
- 15,6″ мультисенсорный экран, одновременный показ нескольких параметров/окон.","lab:Тестирование полупроводниковых чипов, материалов, СВЧ-компонентов|antenna:Испытания антенн и высокочастотных трактов|code:Анализ целостности сигнала, скоростные кабельные тесты|receiver:Производственные линии и стенды с автоматизацией по SCPI","3674L-003|Измерение коэффициента шума|Точное измерение S-параметров, коэффициента и параметров шума (нужны доп. опции конфигурируемого тракта — полный список см. в PDF)
3674L-008|Импульсные измерения|S-параметры в импульсном режиме, порты 1 и 3 выдают импульсную модуляцию
3674L-023|Векторное измерение смесителей/преобразователей|Амплитуда, абсолютная фаза и задержка преобразователя частоты (требуется опция смещения частоты S20)
3674L-400|4-портовое измерение|Апгрейд до четырёхпортового анализатора с двухисточниковым возбуждением
3674-S30|Многоканальный спектральный анализ|Спектральный анализ по нескольким каналам","3674-006|Англоязычная версия|Переключение лицевой/задней панели и операционной системы на английский
3674-007|ОС Linux|Конфигурация ОС Linux вместо Windows
3674-S07|Автоматическое удаление влияния оснастки (AFR)|Автотестирование и устранение влияния измерительной оснастки для несимметричных и балансных устройств
3674-S10|Измерения во временной области|Определение и анализ неоднородностей в устройствах, оснастке, кабелях
3674-S11|Продвинутый анализ временной области|TDR-импеданс, анализ глазковой диаграммы и др.
3674-S20|Функция смещения частоты|Для измерений со смещением частоты (требуется для ряда других опций — смесителей, интермодуляции)
3674-S26|Измерение компрессии усиления|Компрессия усиления для активных устройств (усилителей)
31101|Механический калибровочный комплект N-type 50 Ом|Калибровка в полосе DC – 18 ГГц
31121A|Механический калибровочный комплект 3,5 мм|Калибровка в полосе DC – 6 ГГц
31123|Механический калибровочный комплект 2,4 мм|Калибровка в полосе DC – 40 ГГц
20402|Электронный калибровочный комплект|Калибровка 300 кГц – 18 ГГц, N-type, 2 порта
20405|Электронный калибровочный комплект|Калибровка 10 МГц – 20 ГГц, 3,5 мм, 4 порта
87601|Набор СВЧ-адаптеров (N-type)|Переходники N-type на 3,5 мм, 2,4 мм и др.
3674-062|Комплект для монтажа в стойку|Установка в стойку
3674-063|Руководство пользователя (печатное)|Бумажная версия руководства
—|Полный перечень опций (более 80 позиций — калибровочные комплекты и кабели под каждый тип разъёма, программируемые аттенюаторы, bias-tee, услуги калибровки и продления гарантии)|См. полный даташит Ceyear 3674 Series (PDF) или уточните у менеджера",Ceyear 3674 Series Vector Network Analyzer Datasheet
3674N,Ceyear 3674N,ceyear-3674n,network-analyzers,Ceyear,10 МГц – 90 ГГц,"2 (станд.), 4 — с опцией -400","до 110 дБ (типовое значение, в зависимости от диапазона)","Настольный, 15,6″ сенсорный экран","Разрешение по частоте:0,1 Гц|Точность частоты:±1×10⁻⁷ (23 °C ±3 °C)|Тип разъёма:1.0 мм (вилка), 50 Ом|Полоса ПЧ (IFBW):1 Гц – 30 МГц|Разрешение по амплитуде:0,001 дБ/дел|Разрешение по фазе:0,001°/дел|Интерфейсы:GPIB, USB, DP, LAN|Дисплей:15,6″ сенсорный|Габариты:2-порт 475×279×560 мм; 4-порт 475×279×660 мм|Макс. потребление:500 Вт|Питание:220 В 50 Гц или 110 В 50/60 Гц, однофазное",900,"Параметр|Ceyear 3674B|Ceyear 3674C|Ceyear 3674D|Ceyear 3674E|Ceyear 3674F|Ceyear 3674G|Ceyear 3674H|Ceyear 3674K|Ceyear 3674L|Ceyear 3674N|Ceyear 3674P
Диапазон частот|10 МГц – 9 ГГц|10 МГц – 14 ГГц|10 МГц – 20 ГГц|10 МГц – 26,5 ГГц|10 МГц – 32 ГГц|10 МГц – 44 ГГц|10 МГц – 50 ГГц|10 МГц – 53 ГГц|10 МГц – 67 ГГц|10 МГц – 90 ГГц|10 МГц – 110 ГГц
Тип разъёма|3.5 мм|3.5 мм|3.5 мм|3.5 мм|2.4 мм|2.4 мм|2.4 мм|1.85 мм|1.85 мм|1.0 мм|1.0 мм
Динамический диапазон|до 140 дБ|до 140 дБ|до 140 дБ|до 140 дБ|до 140 дБ|до 140 дБ|до 140 дБ|до 140 дБ|до 140 дБ|до 110 дБ|до 110 дБ
Порты|2 (станд.), 4 — опция|2 (станд.), 4 — опция|2 (станд.), 4 — опция|2 (станд.), 4 — опция|2 (станд.), 4 — опция|2 (станд.), 4 — опция|2 (станд.), 4 — опция|2 (станд.), 4 — опция|2 (станд.), 4 — опция|2 (станд.), 4 — опция|2 (станд.)
Макс. масса|50 кг|50 кг|50 кг|50 кг|50 кг|50 кг|50 кг|50 кг|50 кг|50 кг|50 кг","Выбор модели определяется верхней границей нужного диапазона и, соответственно, типом разъёма: 3.5 мм — до 26,5 ГГц (3674B/C/D/E), 2.4 мм — до 50 ГГц (3674F/G/H), 1.85 мм — до 67 ГГц (3674K/L), 1.0 мм — до 90/110 ГГц (3674N/P). Для диапазона выше 26,5 ГГц коаксиальным способом без перехода на волноводы — система 3674PA (до 110 ГГц на базе 3674E/F/G/H/K/L с частотными расширителями).","Широкополосный анализатор цепей Ceyear 3674N (10 МГц – 90 ГГц, разъём 1.0 мм) — динамический диапазон до 110 дБ, 2 порта в базе (опция до 4), полоса ПЧ до 30 МГц.","- Сверхширокополосное коаксиальное покрытие: 500 Гц – 110 ГГц (в зависимости от модели).
- Полоса ПЧ (IFBW) до 30 МГц, до 200 001 точек измерения за развёртку.
- Сверхбыстрая развёртка, динамический диапазон до 140 дБ.
- 21 расширенная функция измерений: импульсные S-параметры, измерение преобразователей частоты/смесителей, компрессия усиления, коэффициент шума, спектральный анализ, целостность сигнала, THD, активная интермодуляционная дисторсия, автоматическое удаление влияния оснастки.
- Синхронная запись команд SCPI и генерация скрипта в один клик — экономит время при автоматизации тестов.
- 15,6″ мультисенсорный экран, одновременный показ нескольких параметров/окон.","lab:Тестирование полупроводниковых чипов, материалов, СВЧ-компонентов|antenna:Испытания антенн и высокочастотных трактов|code:Анализ целостности сигнала, скоростные кабельные тесты|receiver:Производственные линии и стенды с автоматизацией по SCPI","3674N-400|4-портовое измерение|Апгрейд до четырёхпортового анализатора, диапазон 10 МГц – 90 ГГц","3674-006|Англоязычная версия|Переключение лицевой/задней панели и операционной системы на английский
3674-007|ОС Linux|Конфигурация ОС Linux вместо Windows
3674-S07|Автоматическое удаление влияния оснастки (AFR)|Автотестирование и устранение влияния измерительной оснастки для несимметричных и балансных устройств
3674-S10|Измерения во временной области|Определение и анализ неоднородностей в устройствах, оснастке, кабелях
3674-S11|Продвинутый анализ временной области|TDR-импеданс, анализ глазковой диаграммы и др.
3674-S20|Функция смещения частоты|Для измерений со смещением частоты (требуется для ряда других опций — смесителей, интермодуляции)
3674-S26|Измерение компрессии усиления|Компрессия усиления для активных устройств (усилителей)
31101|Механический калибровочный комплект N-type 50 Ом|Калибровка в полосе DC – 18 ГГц
31121A|Механический калибровочный комплект 3,5 мм|Калибровка в полосе DC – 6 ГГц
31123|Механический калибровочный комплект 2,4 мм|Калибровка в полосе DC – 40 ГГц
20402|Электронный калибровочный комплект|Калибровка 300 кГц – 18 ГГц, N-type, 2 порта
20405|Электронный калибровочный комплект|Калибровка 10 МГц – 20 ГГц, 3,5 мм, 4 порта
87601|Набор СВЧ-адаптеров (N-type)|Переходники N-type на 3,5 мм, 2,4 мм и др.
3674-062|Комплект для монтажа в стойку|Установка в стойку
3674-063|Руководство пользователя (печатное)|Бумажная версия руководства
—|Полный перечень опций (более 80 позиций — калибровочные комплекты и кабели под каждый тип разъёма, программируемые аттенюаторы, bias-tee, услуги калибровки и продления гарантии)|См. полный даташит Ceyear 3674 Series (PDF) или уточните у менеджера",Ceyear 3674 Series Vector Network Analyzer Datasheet
3674P,Ceyear 3674P,ceyear-3674p,network-analyzers,Ceyear,10 МГц – 110 ГГц,2 (станд.),"до 110 дБ (типовое значение, в зависимости от диапазона)","Настольный, 15,6″ сенсорный экран","Разрешение по частоте:0,1 Гц|Точность частоты:±1×10⁻⁷ (23 °C ±3 °C)|Тип разъёма:1.0 мм (вилка), 50 Ом|Полоса ПЧ (IFBW):1 Гц – 30 МГц|Разрешение по амплитуде:0,001 дБ/дел|Разрешение по фазе:0,001°/дел|Интерфейсы:GPIB, USB, DP, LAN|Дисплей:15,6″ сенсорный|Габариты:2-порт 475×279×560 мм; 4-порт 475×279×660 мм|Макс. потребление:500 Вт|Питание:220 В 50 Гц или 110 В 50/60 Гц, однофазное",1100,"Параметр|Ceyear 3674B|Ceyear 3674C|Ceyear 3674D|Ceyear 3674E|Ceyear 3674F|Ceyear 3674G|Ceyear 3674H|Ceyear 3674K|Ceyear 3674L|Ceyear 3674N|Ceyear 3674P
Диапазон частот|10 МГц – 9 ГГц|10 МГц – 14 ГГц|10 МГц – 20 ГГц|10 МГц – 26,5 ГГц|10 МГц – 32 ГГц|10 МГц – 44 ГГц|10 МГц – 50 ГГц|10 МГц – 53 ГГц|10 МГц – 67 ГГц|10 МГц – 90 ГГц|10 МГц – 110 ГГц
Тип разъёма|3.5 мм|3.5 мм|3.5 мм|3.5 мм|2.4 мм|2.4 мм|2.4 мм|1.85 мм|1.85 мм|1.0 мм|1.0 мм
Динамический диапазон|до 140 дБ|до 140 дБ|до 140 дБ|до 140 дБ|до 140 дБ|до 140 дБ|до 140 дБ|до 140 дБ|до 140 дБ|до 110 дБ|до 110 дБ
Порты|2 (станд.), 4 — опция|2 (станд.), 4 — опция|2 (станд.), 4 — опция|2 (станд.), 4 — опция|2 (станд.), 4 — опция|2 (станд.), 4 — опция|2 (станд.), 4 — опция|2 (станд.), 4 — опция|2 (станд.), 4 — опция|2 (станд.), 4 — опция|2 (станд.)
Макс. масса|50 кг|50 кг|50 кг|50 кг|50 кг|50 кг|50 кг|50 кг|50 кг|50 кг|50 кг","Выбор модели определяется верхней границей нужного диапазона и, соответственно, типом разъёма: 3.5 мм — до 26,5 ГГц (3674B/C/D/E), 2.4 мм — до 50 ГГц (3674F/G/H), 1.85 мм — до 67 ГГц (3674K/L), 1.0 мм — до 90/110 ГГц (3674N/P). Для диапазона выше 26,5 ГГц коаксиальным способом без перехода на волноводы — система 3674PA (до 110 ГГц на базе 3674E/F/G/H/K/L с частотными расширителями).","Широкополосный анализатор цепей Ceyear 3674P (10 МГц – 110 ГГц, разъём 1.0 мм) — старшая модель линейки, динамический диапазон до 110 дБ, 2 порта.","- Сверхширокополосное коаксиальное покрытие: 500 Гц – 110 ГГц (в зависимости от модели).
- Полоса ПЧ (IFBW) до 30 МГц, до 200 001 точек измерения за развёртку.
- Сверхбыстрая развёртка, динамический диапазон до 140 дБ.
- 21 расширенная функция измерений: импульсные S-параметры, измерение преобразователей частоты/смесителей, компрессия усиления, коэффициент шума, спектральный анализ, целостность сигнала, THD, активная интермодуляционная дисторсия, автоматическое удаление влияния оснастки.
- Синхронная запись команд SCPI и генерация скрипта в один клик — экономит время при автоматизации тестов.
- 15,6″ мультисенсорный экран, одновременный показ нескольких параметров/окон.","lab:Тестирование полупроводниковых чипов, материалов, СВЧ-компонентов|antenna:Испытания антенн и высокочастотных трактов|code:Анализ целостности сигнала, скоростные кабельные тесты|receiver:Производственные линии и стенды с автоматизацией по SCPI",,"3674-006|Англоязычная версия|Переключение лицевой/задней панели и операционной системы на английский
3674-007|ОС Linux|Конфигурация ОС Linux вместо Windows
3674-S07|Автоматическое удаление влияния оснастки (AFR)|Автотестирование и устранение влияния измерительной оснастки для несимметричных и балансных устройств
3674-S10|Измерения во временной области|Определение и анализ неоднородностей в устройствах, оснастке, кабелях
3674-S11|Продвинутый анализ временной области|TDR-импеданс, анализ глазковой диаграммы и др.
3674-S20|Функция смещения частоты|Для измерений со смещением частоты (требуется для ряда других опций — смесителей, интермодуляции)
3674-S26|Измерение компрессии усиления|Компрессия усиления для активных устройств (усилителей)
31101|Механический калибровочный комплект N-type 50 Ом|Калибровка в полосе DC – 18 ГГц
31121A|Механический калибровочный комплект 3,5 мм|Калибровка в полосе DC – 6 ГГц
31123|Механический калибровочный комплект 2,4 мм|Калибровка в полосе DC – 40 ГГц
20402|Электронный калибровочный комплект|Калибровка 300 кГц – 18 ГГц, N-type, 2 порта
20405|Электронный калибровочный комплект|Калибровка 10 МГц – 20 ГГц, 3,5 мм, 4 порта
87601|Набор СВЧ-адаптеров (N-type)|Переходники N-type на 3,5 мм, 2,4 мм и др.
3674-062|Комплект для монтажа в стойку|Установка в стойку
3674-063|Руководство пользователя (печатное)|Бумажная версия руководства
—|Полный перечень опций (более 80 позиций — калибровочные комплекты и кабели под каждый тип разъёма, программируемые аттенюаторы, bias-tee, услуги калибровки и продления гарантии)|См. полный даташит Ceyear 3674 Series (PDF) или уточните у менеджера",Ceyear 3674 Series Vector Network Analyzer Datasheet
3674PA,Ceyear 3674PA,ceyear-3674pa,network-analyzers,Ceyear,10 МГц – 110 ГГц,2 или 4 (в составе системы),"до 110 дБ (типовое значение, в зависимости от диапазона)","Настольный, система из нескольких блоков","Разрешение по частоте:0,1 Гц|Точность частоты:±1×10⁻⁷ (23 °C ±3 °C)|Состав системы:Хост 3674E/F/G/H/K/L + опция 3674-S20 + миллиметровый тестовый блок 3674-009 (2-порт) / 3674-010 (4-порт) + коаксиальный расширитель частоты 3674-011 (2 шт. на 2-порт, 4 шт. на 4-порт)|Интерфейсы:GPIB, USB, DP, LAN|Дисплей:15,6″ сенсорный (на хосте)|Макс. потребление:600 Вт|Питание:220 В 50 Гц или 110 В 50/60 Гц, однофазное|Макс. масса:84 кг",1105,"Параметр|Базовый хост (3674E/F/G/H/K/L)|Ceyear 3674PA (система)
Диапазон частот|до 26,5/32/44/50/53/67 ГГц (коаксиально)|10 МГц – 110 ГГц
Состав|Один прибор|Хост + опция S20 + миллиметровый тестовый блок (3674-009/010) + коаксиальные расширители частоты 3674-011 (2 шт. на 2-порт, 4 шт. на 4-порт)
Исполнение|2 или 4 порта|2 или 4 порта (система)","3674PA — не отдельная модель, а готовая система для измерений до 110 ГГц коаксиальным способом (без перехода на волноводный тракт): анализатор серии 3674E/F/G/H/K/L с опцией смещения частоты (S20), миллиметровый тестовый блок и коаксиальные расширители частоты 3674-011. Выбор конкретного хоста внутри связки — по нужной базовой полосе до расширения.","Система миллиметрового диапазона Ceyear 3674PA (10 МГц – 110 ГГц) — анализатор цепей 3674E/F/G/H/K/L с опцией смещения частоты (S20), миллиметровым тестовым блоком и коаксиальными расширителями частоты до 110 ГГц, в 2- или 4-портовом исполнении.","- Коаксиальное покрытие до 110 ГГц без перехода на волноводный тракт.
- Собирается на базе анализатора 3674E/F/G/H/K/L — выбор хоста определяет базовую полосу до расширения.
- В комплект системы входят: опция смещения частоты 3674-S20, миллиметровый тестовый блок (3674-009 для 2-портовой версии, 3674-010 для 4-портовой) и коаксиальные расширители частоты 3674-011.
- Та же платформа измерений, что у остальной линейки 3674: импульсные S-параметры, измерение смесителей, коэффициент шума, спектральный анализ и другие функции серии.","lab:Тестирование полупроводниковых чипов, материалов, СВЧ-компонентов|antenna:Испытания антенн и высокочастотных трактов|code:Анализ целостности сигнала, скоростные кабельные тесты|receiver:Производственные линии и стенды с автоматизацией по SCPI",,"3674-006|Англоязычная версия|Переключение лицевой/задней панели и операционной системы на английский
3674-007|ОС Linux|Конфигурация ОС Linux вместо Windows
3674-S07|Автоматическое удаление влияния оснастки (AFR)|Автотестирование и устранение влияния измерительной оснастки для несимметричных и балансных устройств
3674-S10|Измерения во временной области|Определение и анализ неоднородностей в устройствах, оснастке, кабелях
3674-S11|Продвинутый анализ временной области|TDR-импеданс, анализ глазковой диаграммы и др.
3674-S20|Функция смещения частоты|Для измерений со смещением частоты (требуется для ряда других опций — смесителей, интермодуляции)
3674-S26|Измерение компрессии усиления|Компрессия усиления для активных устройств (усилителей)
31101|Механический калибровочный комплект N-type 50 Ом|Калибровка в полосе DC – 18 ГГц
31121A|Механический калибровочный комплект 3,5 мм|Калибровка в полосе DC – 6 ГГц
31123|Механический калибровочный комплект 2,4 мм|Калибровка в полосе DC – 40 ГГц
20402|Электронный калибровочный комплект|Калибровка 300 кГц – 18 ГГц, N-type, 2 порта
20405|Электронный калибровочный комплект|Калибровка 10 МГц – 20 ГГц, 3,5 мм, 4 порта
87601|Набор СВЧ-адаптеров (N-type)|Переходники N-type на 3,5 мм, 2,4 мм и др.
3674-062|Комплект для монтажа в стойку|Установка в стойку
3674-063|Руководство пользователя (печатное)|Бумажная версия руководства
—|Полный перечень опций (более 80 позиций — калибровочные комплекты и кабели под каждый тип разъёма, программируемые аттенюаторы, bias-tee, услуги калибровки и продления гарантии)|См. полный даташит Ceyear 3674 Series (PDF) или уточните у менеджера",Ceyear 3674 Series Vector Network Analyzer Datasheet
