sku,title,category,brand,freq_range,output_power,type,standards,short_description,source_url
EM250411,Emctestlab M700G018-25,power-amplifiers,Emctestlab,700 МГц – 18 ГГц,50 Вт,Усилитель мощности двухдиапазонный,"IEC 61000-4-3, ГОСТ Р 51317.4.3, IEC 61000-4-20 (TEM), IEC 61000-4-21 (Reverb), IEC 61000-4-39, MIL-STD-461 RS103, ГОСТ РВ 6601-001 ВИ1, RTCA/DO-160 Section 20 (S), ГОСТ Р 56529 Приложение П (RS103), ISO 11451-2, ISO 11452-2, ISO 11452-3","Широкополосный твердотельный усилитель мощности в стандартном 19″ корпусе для лабораторных ЭМС-испытаний, антенных измерений и связи.",https://www.emctestlab.ru/catalog/amplifiers/m700g018_25-3975/
EM250410,Emctestlab K010G001-50,power-amplifiers,Emctestlab,10 кГц – 1 ГГц,50 Вт,Усилитель мощности твердотельный,"IEC 61000-4-3, ГОСТ Р 51317.4.3, IEC 61000-4-6, ГОСТ Р 51317.4.6, IEC 61000-4-20 (TEM), MIL-STD-461 CS114, MIL-STD-461 RS103, ГОСТ РВ 6601-001 ВП2, ГОСТ РВ 6601-001 ВИ1, RTCA/DO-160 Section 20 (S), ГОСТ Р 56529 Приложение М (CS114), ГОСТ Р 56529 Приложение П (RS103), ISO 11451-2, ISO 11452-2, ISO 11452-3, ISO 11452-4, ISO 11452-5, CISPR 24 (ОИТ, S), CISPR 35 (multimedia, S)","Широкополосный твердотельный усилитель мощности в стандартном 19″ корпусе для лабораторных ЭМС-испытаний, антенных измерений и связи.",https://www.emctestlab.ru/catalog/amplifiers/k010g001_50-3974/
SV0090,Emctestlab G001G006,power-amplifiers,Emctestlab,1 ГГц – 6 ГГц,"10 Вт, 40 Вт, 100 Вт, 120 Вт",Усилитель мощности твердотельный,"IEC 61000-4-3, ГОСТ Р 51317.4.3, IEC 61000-4-20 (TEM), IEC 61000-4-21 (Reverb), IEC 61000-4-39, MIL-STD-461 RS103, ГОСТ РВ 6601-001 ВИ1, RTCA/DO-160 Section 20 (S), ГОСТ Р 56529 Приложение П (RS103), ISO 11451-2, ISO 11452-2, ISO 11452-3","Широкополосный твердотельный усилитель мощности в стандартном 19″ корпусе для лабораторных ЭМС-испытаний, антенных измерений и связи.",https://www.emctestlab.ru/catalog/amplifiers/g001g006-1114/?oid=3497
EM250006,Emctestlab M080G001,power-amplifiers,Emctestlab,80 МГц – 1 ГГц,"100 Вт, 120 Вт, 400 Вт, 850 Вт, 1,2 кВт, 10 кВт",Усилитель мощности твердотельный,"IEC 61000-4-3, ГОСТ Р 51317.4.3, IEC 61000-4-20 (TEM), IEC 61000-4-21 (Reverb), IEC 61000-4-39, MIL-STD-461 RS103, ГОСТ РВ 6601-001 ВИ1, RTCA/DO-160 Section 20 (S), ГОСТ Р 56529 Приложение П (RS103), ISO 11451-2, ISO 11452-2, ISO 11452-3, ISO 11452-5, CISPR 24 (ОИТ, S), CISPR 35 (multimedia, S)","Широкополосный твердотельный усилитель мощности в стандартном 19″ корпусе для лабораторных ЭМС-испытаний, антенных измерений и связи.",https://www.emctestlab.ru/catalog/amplifiers/m080g001-3479/?oid=3483
2511091,Emctestlab K009M400,power-amplifiers,Emctestlab,9 кГц – 400 МГц,"100 Вт, 1 кВт",Усилитель мощности твердотельный,"IEC 61000-4-6, ГОСТ Р 51317.4.6, IEC 61000-4-20 (TEM), MIL-STD-461 CS114, MIL-STD-461 RS103, ГОСТ РВ 6601-001 ВП2, ГОСТ РВ 6601-001 ВИ1, RTCA/DO-160 Section 20 (S), ГОСТ Р 56529 Приложение М (CS114), ГОСТ Р 56529 Приложение П (RS103), ISO 11451-2, ISO 11452-2, ISO 11452-3, ISO 11452-4, ISO 11452-5","Широкополосный твердотельный усилитель мощности в стандартном 19″ корпусе для лабораторных ЭМС-испытаний, антенных измерений и связи.",https://www.emctestlab.ru/catalog/amplifiers/k009m400-4189/?oid=4190
AG1100,Emctestlab K009M250,power-amplifiers,Emctestlab,9 кГц – 250 МГц,"500 Вт, 1 кВт, 1,5 кВт, 3 кВт",Усилитель мощности твердотельный,"IEC 61000-4-6, ГОСТ Р 51317.4.6, IEC 61000-4-20 (TEM), MIL-STD-461 CS114, MIL-STD-461 RS103, ГОСТ РВ 6601-001 ВП2, ГОСТ РВ 6601-001 ВИ1, RTCA/DO-160 Section 20 (S), ГОСТ Р 56529 Приложение М (CS114), ГОСТ Р 56529 Приложение П (RS103), ISO 11451-2, ISO 11452-2, ISO 11452-3, ISO 11452-5","Широкополосный твердотельный усилитель мощности в стандартном 19″ корпусе для лабораторных ЭМС-испытаний, антенных измерений и связи.",https://www.emctestlab.ru/catalog/amplifiers/k009m250-3236/?oid=3490
2510014,Emctestlab G002G012-200L,power-amplifiers,Emctestlab,2 ГГц – 12 ГГц,200 Вт,Усилитель мощности твердотельный,,Широкополосный твердотельный усилитель мощности X-диапазона в 19″ корпусе для испытаний и измерений.,https://www.emctestlab.ru/catalog/amplifiers/g002g012_200l-4077/
2509124,Emctestlab M915M915-200L,power-amplifiers,Emctestlab,915 МГц,200 Вт,Усилитель мощности твердотельный,,Узкополосный твердотельный усилитель мощности в 19″ корпусе — облегчённая версия для лабораторных и ЭМС-задач по сниженной цене.,https://www.emctestlab.ru/catalog/amplifiers/m915m915_200l-4019/
2509123,Emctestlab G245G245-200L,power-amplifiers,Emctestlab,"2,45 ГГц",200 Вт,Усилитель мощности твердотельный,,Узкополосный твердотельный усилитель мощности в 19″ корпусе — облегчённая версия для лабораторных и ЭМС-задач по сниженной цене.,https://www.emctestlab.ru/catalog/amplifiers/g245g245_200l-4018/
2509122,Emctestlab M040M041-200L,power-amplifiers,Emctestlab,"40,68 МГц",200 Вт,Усилитель мощности твердотельный,,Узкополосный твердотельный усилитель мощности в 19″ корпусе — облегчённая версия для лабораторных и ЭМС-задач по сниженной цене.,https://www.emctestlab.ru/catalog/amplifiers/m040m041_200l-4016/
2509121,Emctestlab M001M001-200L,power-amplifiers,Emctestlab,1 МГц,200 Вт,Усилитель мощности твердотельный,,Узкополосный твердотельный усилитель мощности в 19″ корпусе — облегчённая версия для лабораторных и ЭМС-задач по сниженной цене.,https://www.emctestlab.ru/catalog/amplifiers/m001m001_200l-4015/
250901,Emctestlab G310G350-200L,power-amplifiers,Emctestlab,"3,1 ГГц – 3,5 ГГц",200 Вт,Усилитель мощности твердотельный,,Узкополосный твердотельный усилитель мощности в 19″ корпусе — облегчённая версия для лабораторных и ЭМС-задач по сниженной цене.,https://www.emctestlab.ru/catalog/amplifiers/g310g350_200l-4014/
250911,Emctestlab M030M512-200L,power-amplifiers,Emctestlab,30 МГц – 512 МГц,200 Вт,Усилитель мощности твердотельный,,Узкополосный твердотельный усилитель мощности в 19″ корпусе — облегчённая версия для лабораторных и ЭМС-задач по сниженной цене.,https://www.emctestlab.ru/catalog/amplifiers/m030m512_200l-4012/
AG0500,Emctestlab K150M80-150L,power-amplifiers,Emctestlab,150 кГц – 80 МГц,150 Вт,Усилитель мощности твердотельный,"IEC 61000-4-6, ГОСТ Р 51317.4.6, IEC 61000-4-20 (TEM), MIL-STD-461 CS114, ГОСТ РВ 6601-001 ВП2, ГОСТ РВ 6601-001 ВИ1, RTCA/DO-160 Section 20 (S), ГОСТ Р 56529 Приложение М (CS114), ISO 11451-2, ISO 11452-2, ISO 11452-3, CISPR 24 (ОИТ, S), CISPR 35 (multimedia, S)",Узкополосный твердотельный усилитель мощности в 19″ корпусе — облегчённая версия для лабораторных и ЭМС-задач по сниженной цене.,https://www.emctestlab.ru/catalog/amplifiers/k150m80_150l-3365/
2510092,Emctestlab M400G002-20M,power-amplifiers,Emctestlab,400 МГц – 2 ГГц,10 Вт,Усилительный модуль,ISO 11452-3,Трёхканальный усилительный модуль Ku-диапазона мощностью 20 Вт для задач подавления сигналов.,https://www.emctestlab.ru/catalog/amplifiers/m400p002_20m-4112/
2510091,Emctestlab M142M153-10M,power-amplifiers,Emctestlab,"1,42 ГГц – 1,45 ГГц",10 Вт,Усилительный модуль,,"Усилительный модуль 1420–1530 МГц мощностью 10 Вт для повышения помехоустойчивости канала видеопередачи БПЛА (CoFDM, до 25 Мбит/с).",https://www.emctestlab.ru/catalog/amplifiers/m142m153_10m-4111/
2510018,Emctestlab G002G004-50M,power-amplifiers,Emctestlab,2 ГГц – 4 ГГц,50 Вт,Усилительный модуль,,Широкополосный усилительный модуль 2–4 ГГц мощностью 50 Вт в прочном металлическом корпусе с дистанционным управлением.,https://www.emctestlab.ru/catalog/amplifiers/g002g004_50m-4081/
2510017,Emctestlab G240G250-50M,power-amplifiers,Emctestlab,"2,4 ГГц – 2,5 ГГц",50 Вт,Усилительный модуль,,"Модуль подавления Wi-Fi/Bluetooth и сигналов дронов в диапазоне 2400–2500 МГц мощностью 50 Вт, локальное и удалённое управление.",https://www.emctestlab.ru/catalog/amplifiers/g240g250_50m-4080/
2510016,Emctestlab M900G001-50M,power-amplifiers,Emctestlab,"900 МГц – 1,02 ГГц",50 Вт,Усилительный модуль,,Высокоточный модуль подавления дронов 900–1020 МГц мощностью 50 Вт в прочном корпусе с высокой устойчивостью к помехам.,https://www.emctestlab.ru/catalog/amplifiers/m900g001_50m-4079/
EM250318,Emctestlab M002M026-100L,power-amplifiers,Emctestlab,2 МГц – 26 МГц,100 Вт,Усилитель мощности твердотельный,"IEC 61000-4-20 (TEM), IEC 61000-4-39, RTCA/DO-160 Section 20 (S), ISO 11451-2","Широкополосный твердотельный усилитель мощности в стандартном 19″ корпусе для лабораторных ЭМС-испытаний, антенных измерений и связи.",https://www.emctestlab.ru/catalog/amplifiers/m002m026_100l-3953/
EM1217,Emctestlab M020G001-10M,power-amplifiers,Emctestlab,20 МГц – 1 ГГц,10 Вт,Усилительный модуль,"ISO 11452-3, ISO 11452-5","Недорогой твердотельный усилительный модуль (LDMOS/GaN/GaAs) класса A/AB с высоким усилением и хорошей линейностью для телеметрии, связи, радиолокации и ЭМС-испытаний.",https://www.emctestlab.ru/catalog/amplifiers/m020g001_10m-3270/
ES1002,Emctestlab G001G002,power-amplifiers,Emctestlab,1 ГГц – 2 ГГц,"460 Вт, 500 Вт",Усилитель мощности твердотельный,"IEC 61000-4-3, ГОСТ Р 51317.4.3, IEC 61000-4-20 (TEM), IEC 61000-4-21 (Reverb), IEC 61000-4-39, MIL-STD-461 RS103, ГОСТ РВ 6601-001 ВИ1, RTCA/DO-160 Section 20 (S), ISO 11451-2","Широкополосный твердотельный усилитель мощности в стандартном 19″ корпусе для лабораторных ЭМС-испытаний, антенных измерений и связи.",https://www.emctestlab.ru/catalog/amplifiers/g001g002-3008/?oid=3498
AG1103,Emctestlab G006G018,power-amplifiers,Emctestlab,6 ГГц – 18 ГГц,"125 Вт, 250 Вт",Усилитель мощности твердотельный,"IEC 61000-4-3, ГОСТ Р 51317.4.3, IEC 61000-4-20 (TEM), IEC 61000-4-21 (Reverb), MIL-STD-461 RS103, ГОСТ РВ 6601-001 ВИ1, RTCA/DO-160 Section 20 (S), ГОСТ Р 56529 Приложение П (RS103), ISO 11451-2","Широкополосный твердотельный усилитель мощности в стандартном 19″ корпусе для лабораторных ЭМС-испытаний, антенных измерений и связи.",https://www.emctestlab.ru/catalog/amplifiers/g006g018-3237/?oid=3492
ES1005,Emctestlab G001G004-1000L,power-amplifiers,Emctestlab,1 ГГц – 4 ГГц,1 кВт,Усилитель мощности твердотельный,"MIL-STD-461 RS103, ГОСТ РВ 6601-001 ВИ1, RTCA/DO-160 Section 20 (S), ГОСТ Р 56529 Приложение П (RS103), ISO 11451-2","Широкополосный твердотельный усилитель мощности в стандартном 19″ корпусе для лабораторных ЭМС-испытаний, антенных измерений и связи.",https://www.emctestlab.ru/catalog/amplifiers/g001g004_1000L-3011/
ES1003,Emctestlab G002G006,power-amplifiers,Emctestlab,2 ГГц – 6 ГГц,"150 Вт, 400 Вт",Усилитель мощности твердотельный,"IEC 61000-4-3, ГОСТ Р 51317.4.3, IEC 61000-4-20 (TEM), MIL-STD-461 RS103, ГОСТ РВ 6601-001 ВИ1, RTCA/DO-160 Section 20 (S), ГОСТ Р 56529 Приложение П (RS103), ISO 11451-2","Широкополосный твердотельный усилитель мощности в стандартном 19″ корпусе для лабораторных ЭМС-испытаний, антенных измерений и связи.",https://www.emctestlab.ru/catalog/amplifiers/g002g006-3010/?oid=3488
2510011,Emctestlab BUC Ka-40,power-amplifiers,Emctestlab,"27,5 ГГц – 30 ГГц",40 Вт,Спутниковый усилитель-преобразователь,,Спутниковый блочный повышающий преобразователь (BUC) Ka-диапазона мощностью 40 Вт с контролем/управлением (FSK) и автоопределением опорной частоты 10 МГц.,https://www.emctestlab.ru/catalog/amplifiers/buc_ka_100-4074/
ST0002,Emctestlab G001G002-50T,power-amplifiers,Emctestlab,1 ГГц – 2 ГГц,70 Вт,Усилитель мощности ламповый,,Усилитель мощности на ЛБВ модульной конструкции — высокая надёжность и стабильные параметры.,https://www.emctestlab.ru/catalog/amplifiers/g001g002_50t-3012/
EM0301,Emctestlab N000K150-32,power-amplifiers,Emctestlab,DC – 150 кГц,32 Вт,Усилитель мощности твердотельный,,"Низкочастотный высоковольтный усилитель с дифференциальным выходом для лабораторных калибровок и испытаний, широкая регулировка усиления и выходного сопротивления.",https://www.emctestlab.ru/catalog/amplifiers/n000k150_32-3051/
EM0300,Emctestlab K010K70-900,power-amplifiers,Emctestlab,10 кГц – 70 кГц,900 Вт,Усилитель мощности твердотельный,,Низкочастотный усилитель мощности с простым управлением для лабораторных калибровок и испытаний.,https://www.emctestlab.ru/catalog/amplifiers/k010k70_900-3050/
EM0302,Emctestlab N000K010-75,power-amplifiers,Emctestlab,DC – 10 кГц,75 Вт,Усилитель мощности твердотельный,,"Низкочастотный высоковольтный усилитель с дифференциальным выходом для лабораторных калибровок и испытаний, широкая регулировка усиления и выходного сопротивления.",https://www.emctestlab.ru/catalog/amplifiers/n000k010_75-3052/
EM0303,Emctestlab N000M001-220,power-amplifiers,Emctestlab,DC – 1 МГц,220 Вт,Усилитель мощности твердотельный,"IEC 61000-4-20 (TEM), MIL-STD-461 CS101, MIL-STD-461 RE101, ГОСТ РВ 6601-001 ВП1, RTCA/DO-160 Section 18, ГОСТ Р 56529 Приложение Н (RS101), ISO 16750-2",Низкочастотный мощный усилитель с широкой регулировкой усиления для лабораторных калибровок и испытаний.,https://www.emctestlab.ru/catalog/amplifiers/n000m001_220-3053/
EM0306,Emctestlab N000K100-40,power-amplifiers,Emctestlab,DC – 100 кГц,40 Вт,Усилитель мощности твердотельный,,"Низкочастотный высоковольтный усилитель с дифференциальным выходом для лабораторных калибровок и испытаний, широкая регулировка усиления и выходного сопротивления.",https://www.emctestlab.ru/catalog/amplifiers/n000k100_40-3054/
EM0307,Emctestlab N000K030-60,power-amplifiers,Emctestlab,DC – 30 кГц,60 Вт,Усилитель мощности твердотельный,,"Низкочастотный высоковольтный усилитель с дифференциальным выходом для лабораторных калибровок и испытаний, широкая регулировка усиления и выходного сопротивления.",https://www.emctestlab.ru/catalog/amplifiers/n000k030_60-3055/
EM0308,Emctestlab N000K005-100,power-amplifiers,Emctestlab,DC – 5 кГц,100 Вт,Усилитель мощности твердотельный,,"Низкочастотный высоковольтный усилитель с дифференциальным выходом для лабораторных калибровок и испытаний, широкая регулировка усиления и выходного сопротивления.",https://www.emctestlab.ru/catalog/amplifiers/n000k005_100-3056/
ST0001,Emctestlab G026G040-40T,power-amplifiers,Emctestlab,"26,5 ГГц – 40 ГГц",40 Вт,Усилитель мощности ламповый,,Усилитель мощности на ЛБВ модульной конструкции — высокая надёжность и стабильные параметры.,https://www.emctestlab.ru/catalog/amplifiers/g026g040_40t-3009/
EM0332,Emctestlab K150M080-150M,power-amplifiers,Emctestlab,150 кГц – 80 МГц,150 Вт,Усилительный модуль,ISO 11452-3,"Недорогой твердотельный усилительный модуль (LDMOS/GaN/GaAs) класса A/AB с высоким усилением и хорошей линейностью для телеметрии, связи, радиолокации и ЭМС-испытаний.",https://www.emctestlab.ru/catalog/amplifiers/k150m080_150m-3366/
SP0026,Emctestlab K004M400-100M,power-amplifiers,Emctestlab,4 кГц – 400 МГц,100 Вт,Усилительный модуль,"IEC 61000-4-20 (TEM), ISO 11452-3, ISO 11452-4, ISO 11452-5","Недорогой твердотельный усилительный модуль (LDMOS/GaN/GaAs) класса A/AB с высоким усилением и хорошей линейностью для телеметрии, связи, радиолокации и ЭМС-испытаний.",https://www.emctestlab.ru/catalog/amplifiers/k004m400_100m-1131/
2510015,Emctestlab M495M505-5000P,power-amplifiers,Emctestlab,495 МГц – 505 МГц,5 кВт,Усилитель мощности импульсный,,Импульсный усилитель мощности высокой мощности для радаров и РЛС — компактное и лёгкое шасси для военного и коммерческого применения.,https://www.emctestlab.ru/catalog/amplifiers/m495m505_5000p-4078/
2510013,Emctestlab G040G052-1L,power-amplifiers,Emctestlab,40 ГГц – 52 ГГц,"1,25 Вт",Усилитель мощности твердотельный,,Миллиметровый усилитель СВЧ-мощности 40–52 ГГц для радарных применений в компактном исполнении.,https://www.emctestlab.ru/catalog/amplifiers/g040g052_1l-4076/
2510012,Emctestlab G120G145-10000P,power-amplifiers,Emctestlab,"1,2 ГГц – 1,45 ГГц",10 кВт,Усилитель мощности импульсный,,Импульсный усилитель мощности высокой мощности для радаров и РЛС — компактное и лёгкое шасси для военного и коммерческого применения.,https://www.emctestlab.ru/catalog/amplifiers/g120g145_10000p-4075/
