sku,title,slug,category,brand,type,channels,gnss_systems,design,specs,sort_value,short_description,overview,applications,signals,options,compare_table,compare_note,source,kit,exclusive
ИНСС-8000,RFTEX ИНСС-8000,inss-8000,gnss-equipment,RFTEX,Имитатор сигналов ГНСС,"До 6 РЧ-выходов, до 864 каналов","GPS, ГЛОНАСС, BeiDou, Galileo, SBAS, QZSS, NavIC","Стационарное, 19″, 4U","Количество спутников в группировке:До 49|Количество одновременно видимых спутников:До 49|Максимальная ёмкость:864 канала (в зависимости от конфигурации)|Диапазон высоты при моделировании:0…8 000 км|Относительная скорость:0…80 000 м/с|Относительное ускорение:0…5 000 м/с²|Относительный рывок:0…8 000 м/с³|Точность псевдодальности:0,01 м|Точность скорости изменения псевдодальности:0,005 м/с|Межканальная согласованность:≤ 0,3 нс|Фазовый шум при 100 Гц:≤ −75 дБн/Гц|Фазовый шум при 1 кГц:≤ −80 дБн/Гц|Фазовый шум при 10 кГц:≤ −85 дБн/Гц|Фазовый шум при 100 кГц:≤ −90 дБн/Гц|Уровень побочных спектральных составляющих:≤ −50 дБн|Уровень гармонических составляющих:≤ −40 дБн|Диапазон уровня несущей (LRF):−160…−80 дБмВт|Диапазон уровня несущей (HRF):−100…−20 дБмВт|Погрешность установки уровня:±0,5 дБ в диапазоне −20…−100 дБмВт|Опорная частота 10 МГц, вход:7 ± 2 дБмВт, 50 ± 10 Ом|Опорная частота 10 МГц, выход:7 ± 2 дБмВт|Стабильность выходной частоты:≤ 5 × 10⁻¹¹ за 1 с|Метка времени 1PPS, вход:ТТЛ 5 В при 1 МОм, 20 мкс|Метка времени 1PPS, выход:ТТЛ 5 В (1 МОм) / 2,5 В (50 Ом), 20 мкс ± 1 мкс|Входное напряжение:100–240 В AC, 50/60 Гц|Потребляемая мощность:≤ 100 Вт|Монтаж:в стойку 19″|Высота:4U",864,"Стационарный имитатор сигналов ГНСС до 6 РЧ-выходов и 864 каналов — для верификации многочастотных и многоантенных приёмников, наземных терминалов и навигационно-временных систем.","- 1…6 РЧ-выходов — от одиночного приёмника до конфигураций и групп приёмников.
- Работа с реальными эфемеридами в реальном времени — синхронизация с действующей группировкой благодаря встроенному навигационному приёмнику.
- Масштабируемая SDR-архитектура — наращивание возможностей программными опциями без замены оборудования.
- До 864 каналов в зависимости от конфигурации.
- Полное многочастотное покрытие GPS, ГЛОНАСС, BeiDou, Galileo, QZSS, NavIC, а также SBAS и СДКМ.
- Моделирование среды распространения и особых событий — ионосфера, тропосфера, многолучёвость, ошибки часов и орбит, аномалии навигационных сообщений.
- Стационарное исполнение для монтажа в стойку 19″, высота 4U.
- Встроенный генератор AWGN для оценки помехоустойчивости приёмника.",receiver:Разработка и проверка GNSS-приёмников|receiver:Проверка многочастотных и многосистемных приёмников|shield:Проверка терминалов и оборудования критической инфраструктуры|antenna:Испытания антенн с управляемой диаграммой направленности|lab:Лабораторная имитация сигналов ГНСС|clock:Испытания навигационно-временных систем|antenna:Многоантенные сценарии|satellite:Испытания спутникового оборудования и терминалов,"GPS:L1CA, L1C, L1P, L1M, L2C, L2P, L2M, L5|ГЛОНАСС:G1 (L1OF, L1OC), G2 (L2OF, L2OC), G3 (L3OC)|BeiDou:B1I, B1C, B2I, B2a, B2b, B3I|Galileo:E1B, E5a, E5b, E6|SBAS:L1, L5|QZSS:L1CA, L1C, L2C, L5|NavIC:L5, S1|AWGN:8 диапазонов","GPS:32 (+7) каналов — L1CA, L1C, L1M, L2C, L2M, L5|ГЛОНАСС:24 канала — G1 (L1OF, L1OC), G2 (L2OF, L2OC), G3 (L3OC)|BeiDou:63 канала — B1I, B1C, B2I, B2a, B2b, B3I|Galileo:36 каналов — E1B/E1C, E5a/E5b, E6B/E6C|QZSS/NavIC:10 каналов — L1, L5, S-диапазон|SBAS L1:3-4 канала — WAAS, EGNOS, СДКМ, GAGAN, MSAS, BDSBAS|SBAS L5:3-4 канала — WAAS, EGNOS, СДКМ, GAGAN, MSAS, BDSBAS|Спецрежимы:8 каналов — генерация шума AWGN: L1-JAMMING, S1-JAMMING","Параметр|RFTEX ИНСС-8000|RFTEX ИНСС-4000|RFTEX ИНСС-4400|RFTEX ИНСС-4200
Назначение|Имитатор сигналов|Имитатор сигналов|Запись и воспроизведение|Запись и воспроизведение
Исполнение|Стационарное, 19″, 4U|Портативное, ≤4 кг|Портативное|Портативное, 1,9 кг
Каналы / ёмкость|До 6 РЧ-выходов, 864 канала|144 канала, 1 РЧ-выход|4 канала записи и воспр.|2 канала записи и воспр.
Поддерживаемые системы|GPS, ГЛОНАСС, BeiDou, Galileo, SBAS, QZSS, NavIC|то же|ГЛОНАСС, GPS, BDS, Galileo, SBAS, NavIC, QZSS|то же
Полоса записи|—|—|до 50 МГц|до 93,75 МГц (выбираемая)
Хранение данных|—|—|DAS / NAS|SSD до 4 ТБ, встроенный
Автономность|от сети, ≤100 Вт|от АКБ, ≥2 ч|от сети / DAS|от АКБ, до 4 ч
Типичное применение|Лабораторная верификация, многоантенные сценарии|Полевая проверка приёмников|Полевые испытания, RTK-тестирование|Техобслуживание, полевая диагностика","Для стационарной лаборатории с максимальной ёмкостью — ИНСС-8000, для полевой проверки приёмников — компактный ИНСС-4000. Нужно записать и воспроизвести реальные сигналы (а не сгенерировать их) — комплексы ИНСС-4400 (4 канала, для стенда) или ИНСС-4200 (компактнее, для выезда).",Каталог RFTEX v3.1 стр. 5-8,,
ИНСС-4000,RFTEX ИНСС-4000,inss-4000,gnss-equipment,RFTEX,Имитатор сигналов ГНСС,"144 канала, 1 РЧ-выход","GPS, ГЛОНАСС, BeiDou, Galileo, SBAS, QZSS, NavIC",Портативное,"Количество спутников в группировке:До 49|Количество одновременно видимых спутников:До 16|Максимальная ёмкость:144 канала|Диапазон высоты при моделировании:0…8 000 км|Относительная скорость:0…80 000 м/с|Относительное ускорение:0…5 000 м/с²|Относительный рывок:0…8 000 м/с³|Точность псевдодальности:0,01 м|Точность скорости изменения псевдодальности:0,005 м/с|Межканальная согласованность:≤ 0,3 нс|Фазовый шум при 100 Гц:≤ −75 дБн/Гц|Фазовый шум при 1 кГц:≤ −80 дБн/Гц|Фазовый шум при 10 кГц:≤ −85 дБн/Гц|Фазовый шум при 100 кГц:≤ −90 дБн/Гц|Уровень побочных спектральных составляющих:≤ −50 дБн|Уровень гармонических составляющих:≤ −40 дБн|Диапазон уровня несущей (LRF):−160…−80 дБмВт|Диапазон уровня несущей (HRF):−100…−20 дБмВт|Погрешность установки уровня:±0,5 дБ в диапазоне −100…−20 дБмВт|Опорная частота 10 МГц, вход:7 ± 2 дБмВт, 50 ± 10 Ом|Опорная частота 10 МГц, выход:7 ± 2 дБмВт|Стабильность выходной частоты:≤ 5 × 10⁻¹¹ за 1 с|Метка времени 1PPS, вход:ТТЛ 5 В при 1 МОм, 20 мкс|Метка времени 1PPS, выход:ТТЛ 5 В (1 МОм) / 2,5 В (50 Ом), 20 мкс ± 1 мкс|Адаптер, вход:100–240 В AC, 50/60 Гц, 2 А|Адаптер, выход:19 В DC, 6,32 А, 120 Вт|Потребляемая мощность:≤ 45 Вт (рабочий режим)|Время работы от аккумулятора:≥ 2 ч|Габариты (ИНСС):334 × 213 × 79 мм|Масса (ИНСС):≤ 4 кг",144,Портативный программно-определяемый имитатор сигналов ГНСС на 144 канала — для разработки и проверки приёмников в полевых условиях с лабораторной точностью.,"- 144 канала.
- Масштабируемая SDR-архитектура — наращивание возможностей программными опциями без замены оборудования.
- Полное многочастотное покрытие GPS, ГЛОНАСС, BeiDou, Galileo, QZSS, NavIC, а также SBAS и СДКМ.
- Встроенный генератор AWGN для оценки помехоустойчивости приёмника.
- Предустановленные и пользовательские траектории движения (статичная, прямолинейная, с ускорением, круговая, синусоидальная, спиральная и др.; загрузка файлов *.cst, *.nmea, *.uni).
- Моделирование среды распространения и особых событий — ионосфера, тропосфера, многолучёвость, ошибки часов и орбит, аномалии навигационных сообщений.
- Работа с реальными эфемеридами в реальном времени — синхронизация с действующей группировкой благодаря встроенному навигационному приёмнику.
- Портативное исполнение.",receiver:Разработка и проверка GNSS-приёмников|shield:Проверка терминалов и оборудования критической инфраструктуры|antenna:Испытания антенн с управляемой диаграммой направленности|lab:Лабораторная имитация сигналов ГНСС|clock:Испытания навигационно-временных систем|satellite:Испытания спутникового оборудования и терминалов|field:Проверка GNSS-приёмников в полевых условиях,"GPS:L1CA, L1C, L1P, L1M, L2C, L2P, L2M, L5|ГЛОНАСС:G1 (L1OF, L1OC), G2 (L2OF, L2OC), G3 (L3OC)|BeiDou:B1I, B1C, B2I, B2a, B2b, B3I|Galileo:E1B, E5a, E5b, E6|SBAS:L1, L5|QZSS:L1CA, L1C, L2C, L5|NavIC:L5, S1|AWGN:8 диапазонов","GPS:32 (+7) каналов — L1CA, L1C, L1M, L2C, L2M, L5|ГЛОНАСС:24 канала — G1 (L1OF, L1OC), G2 (L2OF, L2OC), G3 (L3OC)|BeiDou:63 канала — B1I, B1C, B2I, B2a, B2b, B3I|Galileo:36 каналов — E1B/E1C, E5a/E5b, E6B/E6C|QZSS/NavIC:10 каналов — L1, L5, S-диапазон|SBAS L1:3-4 канала — WAAS, EGNOS, СДКМ, GAGAN, MSAS, BDSBAS|SBAS L5:3-4 канала — WAAS, EGNOS, СДКМ, GAGAN, MSAS, BDSBAS|Спецрежимы:8 каналов — генерация шума AWGN: L1-JAMMING, S1-JAMMING","Параметр|RFTEX ИНСС-8000|RFTEX ИНСС-4000|RFTEX ИНСС-4400|RFTEX ИНСС-4200
Назначение|Имитатор сигналов|Имитатор сигналов|Запись и воспроизведение|Запись и воспроизведение
Исполнение|Стационарное, 19″, 4U|Портативное, ≤4 кг|Портативное|Портативное, 1,9 кг
Каналы / ёмкость|До 6 РЧ-выходов, 864 канала|144 канала, 1 РЧ-выход|4 канала записи и воспр.|2 канала записи и воспр.
Поддерживаемые системы|GPS, ГЛОНАСС, BeiDou, Galileo, SBAS, QZSS, NavIC|то же|ГЛОНАСС, GPS, BDS, Galileo, SBAS, NavIC, QZSS|то же
Полоса записи|—|—|до 50 МГц|до 93,75 МГц (выбираемая)
Хранение данных|—|—|DAS / NAS|SSD до 4 ТБ, встроенный
Автономность|от сети, ≤100 Вт|от АКБ, ≥2 ч|от сети / DAS|от АКБ, до 4 ч
Типичное применение|Лабораторная верификация, многоантенные сценарии|Полевая проверка приёмников|Полевые испытания, RTK-тестирование|Техобслуживание, полевая диагностика","Для стационарной лаборатории с максимальной ёмкостью — ИНСС-8000, для полевой проверки приёмников — компактный ИНСС-4000. Нужно записать и воспроизвести реальные сигналы (а не сгенерировать их) — комплексы ИНСС-4400 (4 канала, для стенда) или ИНСС-4200 (компактнее, для выезда).",Каталог RFTEX v3.1 стр. 9-12,,
ИНСС-4400,RFTEX ИНСС-4400,inss-4400,gnss-equipment,RFTEX,Комплекс записи и воспроизведения сигналов ГНСС,"4 канала записи, 4 канала воспроизведения","ГЛОНАСС, GPS, BDS, Galileo, SBAS, NavIC, QZSS",Портативное,"Каналы записи сигнала:4 (с возможностью выбора центральной частоты РЧ-канала)|Каналы воспроизведения сигнала:4|Диапазон входного уровня:−80 … −30 дБмВт|Диапазон регулировки усиления:20–70 дБ|Диапазон регулировки ослабления:0–80 дБ|Шаг регулировки затухания:0,5 дБ|Полоса записи сигнала:до 50 МГц|Точность оцифровки сигнала (I/Q):2, 4, 8 или 16 бит (настраивается)|Уровень побочных спектральных составляющих (запись):≤ −40 дБн|Уровень гармонических составляющих (запись):≤ −40 дБн|Опорная частота 10 МГц, вход:7 ± 2 дБмВт|Опорная частота 10 МГц, выход:7 ± 2 дБмВт|Локальное хранилище:DAS (Direct-Attached Storage)|Сетевое хранилище:NAS (Network-Attached Storage)|Поддержка воспроизведения:прямое воспроизведение с DAS/NAS|Приём потока данных:в реальном времени, Gigabit Ethernet (SDR)|Управление с ПК:ПО на хост-компьютере|Локальное управление:сенсорный экран на устройстве|Удалённое управление:TCP/IP",4,"Портативный комплекс записи и воспроизведения сигналов ГНСС на 4 радиочастотных канала — для полевых испытаний, RTK-тестирования и отладки алгоритмов обработки сигналов.","- Поддерживает запись и воспроизведение сигналов двухстороннего обмена.
- Управление с ПО на хост-компьютере, локально с сенсорного экрана устройства и удалённо по протоколу TCP/IP.
- Приём потока данных в реальном времени через Gigabit Ethernet (SDR).
- Запись напрямую в DAS (Direct-Attached Storage) или NAS (Network-Attached Storage).
- Встроенный навигационный приёмник для верификации корректности записи и воспроизведения.
- Синхронный приём многочастотных сигналов полной конфигурации (ГЛОНАСС, GPS, BDS, Galileo и др.).
- Прямое воспроизведение с DAS/NAS для хранения и распределения больших объёмов данных.",code:Отладка и сравнение алгоритмов обработки|jamming:Тестирование устойчивости к помехам и спуфингу|receiver:Разработка и проверка RTK/PPP/SBAS-решений|drone:Интеграция с инерциальными системами и БПЛА|code:Регрессионное тестирование прошивок|field:Полевые испытания приёмников и антенн,,,"Параметр|RFTEX ИНСС-8000|RFTEX ИНСС-4000|RFTEX ИНСС-4400|RFTEX ИНСС-4200
Назначение|Имитатор сигналов|Имитатор сигналов|Запись и воспроизведение|Запись и воспроизведение
Исполнение|Стационарное, 19″, 4U|Портативное, ≤4 кг|Портативное|Портативное, 1,9 кг
Каналы / ёмкость|До 6 РЧ-выходов, 864 канала|144 канала, 1 РЧ-выход|4 канала записи и воспр.|2 канала записи и воспр.
Поддерживаемые системы|GPS, ГЛОНАСС, BeiDou, Galileo, SBAS, QZSS, NavIC|то же|ГЛОНАСС, GPS, BDS, Galileo, SBAS, NavIC, QZSS|то же
Полоса записи|—|—|до 50 МГц|до 93,75 МГц (выбираемая)
Хранение данных|—|—|DAS / NAS|SSD до 4 ТБ, встроенный
Автономность|от сети, ≤100 Вт|от АКБ, ≥2 ч|от сети / DAS|от АКБ, до 4 ч
Типичное применение|Лабораторная верификация, многоантенные сценарии|Полевая проверка приёмников|Полевые испытания, RTK-тестирование|Техобслуживание, полевая диагностика","Для стационарной лаборатории с максимальной ёмкостью — ИНСС-8000, для полевой проверки приёмников — компактный ИНСС-4000. Нужно записать и воспроизвести реальные сигналы (а не сгенерировать их) — комплексы ИНСС-4400 (4 канала, для стенда) или ИНСС-4200 (компактнее, для выезда).",Каталог RFTEX v3.1 стр. 13-14,,
ИНСС-4200,RFTEX ИНСС-4200,inss-4200,gnss-equipment,RFTEX,Комплекс записи и воспроизведения сигналов ГНСС,"2 канала записи, 2 канала воспроизведения","ГЛОНАСС, GPS, BDS, Galileo, NavIC, QZSS, SBAS","Портативное, 1,9 кг","Каналы записи сигнала:2 (центральная частота каждого канала выбирается)|Каналы воспроизведения сигнала:2|Диапазон входного уровня:−80 … −30 дБмВт|Диапазон регулировки усиления:20–70 дБ|Полоса записи сигнала:4,6875 / 9,375 / 18,75 / 23,4375 / 37,5 / 46,875 / 62,5 / 93,75 МГц (выбираемая)|Точность оцифровки сигнала (I/Q):2, 4 или 8 бит (настраиваемая)|Поддержка воспроизведения:с любой точки сохранённого файла, пауза в любой момент|Каскадирование устройств:поддерживается (синхронная работа нескольких устройств)|Дисплей:5-дюймовый сенсорный экран|Локальное управление:сенсорное + физическое|Удалённое управление:двунаправленный импорт/экспорт данных между ПК и устройством|Время работы от аккумулятора:до 4 часов непрерывной работы|Масса (ИНСС):1,9 кг с батареей",2,"Компактный двухканальный комплекс записи и воспроизведения сигналов ГНСС (до 4 часов автономной работы, SSD до 4 ТБ) — для техобслуживания и полевой диагностики навигационных приёмников.","- Встроенный модуль ГНСС для мониторинга состояния навигационного сигнала в реальном времени.
- 5-дюймовый ёмкостный сенсорный экран.
- Визуализация спектра в реальном времени и измерение C/N0.
- Точность оцифровки сигнала I/Q: 2/4/8 бит; полоса пропускания при сборе данных до 90 МГц.
- Поддержка каскадной синхронной работы нескольких устройств.
- Синхронный сбор и воспроизведение двухдиапазонных сигналов ГЛОНАСС, GPS, BDS, Galileo, NavIC, QZSS и SBAS.
- Двунаправленный импорт/экспорт файлов между ПК и устройством.
- Встроенный аккумулятор — до 4 часов непрерывной работы.
- Воспроизведение с любой позиции файла, с возможностью паузы.",code:Отладка и сравнение алгоритмов обработки|jamming:Тестирование устойчивости к помехам и спуфингу|receiver:Разработка и проверка RTK/PPP/SBAS-решений|drone:Интеграция с инерциальными системами и БПЛА|code:Регрессионное тестирование прошивок|field:Полевые испытания приёмников и антенн,,,"Параметр|RFTEX ИНСС-8000|RFTEX ИНСС-4000|RFTEX ИНСС-4400|RFTEX ИНСС-4200
Назначение|Имитатор сигналов|Имитатор сигналов|Запись и воспроизведение|Запись и воспроизведение
Исполнение|Стационарное, 19″, 4U|Портативное, ≤4 кг|Портативное|Портативное, 1,9 кг
Каналы / ёмкость|До 6 РЧ-выходов, 864 канала|144 канала, 1 РЧ-выход|4 канала записи и воспр.|2 канала записи и воспр.
Поддерживаемые системы|GPS, ГЛОНАСС, BeiDou, Galileo, SBAS, QZSS, NavIC|то же|ГЛОНАСС, GPS, BDS, Galileo, SBAS, NavIC, QZSS|то же
Полоса записи|—|—|до 50 МГц|до 93,75 МГц (выбираемая)
Хранение данных|—|—|DAS / NAS|SSD до 4 ТБ, встроенный
Автономность|от сети, ≤100 Вт|от АКБ, ≥2 ч|от сети / DAS|от АКБ, до 4 ч
Типичное применение|Лабораторная верификация, многоантенные сценарии|Полевая проверка приёмников|Полевые испытания, RTK-тестирование|Техобслуживание, полевая диагностика","Для стационарной лаборатории с максимальной ёмкостью — ИНСС-8000, для полевой проверки приёмников — компактный ИНСС-4000. Нужно записать и воспроизвести реальные сигналы (а не сгенерировать их) — комплексы ИНСС-4400 (4 канала, для стенда) или ИНСС-4200 (компактнее, для выезда).",Каталог RFTEX v3.1 стр. 15-16,,
ГНСП-4000,RFTEX ГНСП-4000,gnsp-4000,gnss-equipment,RFTEX,Генератор имитационных и заградительных помех ГНСС,8 диапазонов одновременно (джамминг и спуфинг),"GPS, ГЛОНАСС, BeiDou, Galileo","Переносное/носимое, ≤3,5 кг",,,"Генератор имитационных (спуфинг) и заградительных (джамминг) помех ГНСС с сенсорным управлением — для тестирования защиты от помех в помещении и на открытом воздухе, переносное исполнение.","- Интуитивно понятный сенсорный интерфейс с управлением генерацией одним нажатием.
- Когерентная подмена навигационных сигналов (спуфинг) с имитацией координат, скорости и времени.
- Автоматическое создание отчётов с фиксацией времени, местоположения и параметров подавления.
- Гибкое развёртывание в полевых условиях: направленная/всенаправленная антенна, внешний усилитель, сеть LoRa для совместной работы нескольких устройств.
- Встроенная библиотека типовых сценариев для быстрой настройки под разные задачи.","jamming:Отработка и валидация алгоритмов защиты от помех и спуфинга|antenna:Тестирование антенных систем и ВЧ-трактов|drone:Испытания в составе комплексных систем (INS/GNSS, БПЛА, транспорт)|field:Полевые испытания и мобильные сценарии|lab:Производственный контроль и входной контроль модулей|code:Разработка и отладка SDR-приёмников и исследовательских стендов",,,,,Каталог RFTEX v3.1 стр. 17-19,,
УМНС-1001,RFTEX УМНС-1001,umns-1001,gnss-equipment,RFTEX,Усилитель мощности сверхширокополосный,,,"80 × 56,5 × 20 мм, питание 12 В DC",,,"Сверхширокополосный усилитель мощности 0,1–6 ГГц для работы в составе измерительных и навигационных комплексов — модуль расширения для ИНСС-4400 и ГНСП-4000.","- Сверхширокий диапазон усиления в полосе 0,1–6,0 ГГц.
- Равномерное усиление в сверхширокой полосе частот.
- Конструктивный, аппаратный и программный интерфейсы для работы модулем расширения с ИНСС-4400 и ГНСП-4000.
- Автономная работа с любым внешним оборудованием при подключении источника питания.
- Применение: лабораторные исследования помехоустойчивости приёмников ГНСС, Wi-Fi, 4G/5G; широкополосные измерительные системы и тесты на ЭМС.",,,,,,Каталог RFTEX v3.1 стр. 20,,
ГНСП-4400,RFTEX ГНСП-4400,gnsp-4400,gnss-equipment,RFTEX,Генератор имитационных и заградительных помех ГНСС,До 8 помеховых/спуфинг-частот одновременно,"GPS, ГЛОНАСС, BDS, Galileo","Компактное/носимое, менее 1,7 кг",,,"Высокопроизводительный многофункциональный генератор спуфинга и заградительных помех на реконфигурируемой SDR-архитектуре — компактный, с синхронизацией от реальных спутниковых сигналов для когерентной подмены.","- Одновременная генерация многочастотных сигналов спуфинга и заградительных помех.
- Синхронизация с реальными спутниковыми сигналами через встроенный опорный генератор — когерентная подмена.
- Импорт внешних траекторий в реальном времени для подмены высокодинамичных целей.
- Открытый протокол удалённого управления и набор команд.
- Противодействие БПЛА: вытеснение, программируемые запретные зоны.
- Гибкая настройка параметров помех: диапазон, вид модуляции, полоса, мощность, траектория.","jamming:Отработка и валидация алгоритмов защиты от помех и спуфинга|antenna:Тестирование антенных систем и ВЧ-трактов|drone:Испытания в составе комплексных систем (INS/GNSS, БПЛА, транспорт)|code:Разработка и отладка SDR-приёмников и исследовательских стендов|lab:Производственный контроль и входной контроль модулей",,,,,Каталог RFTEX v3.1 стр. 21-22,,
ГНСП-4800,RFTEX ГНСП-4800,gnsp-4800,gnss-equipment,RFTEX,Генератор заградительных помех ГНСС,До 8 независимых каналов с раздельными выходами,"GPS, ГЛОНАСС, BDS, Galileo","Стационарное, 19″, 2U",,,"Профессиональный генератор заградительных помех (джамминг) в стандартном 19″ корпусе — до 8 независимых каналов, полное покрытие диапазонов ГЛОНАСС, GPS, BDS, Galileo.","- Многоканальное независимое подавление: до 8 каналов с раздельными выходами типа N, каждый со своим типом помехи и мощностью.
- Полное покрытие ГНСС-диапазонов: BDS (B1/B2/B3/S), GPS (L1/L2/L5), ГЛОНАСС (G1/G2/G3), Galileo (E1/E5/E6).
- Гибкая настройка сигналов: непрерывная волна, частотная развёртка, импульсная, цифровая модуляция (BPSK/QPSK/QAM), прерывистая помеха.
- Синхронизация с внешними системами через входы/выходы 10 МГц и 1PPS.
- Высокое качество сигнала: фазовый шум ≤ -90 дБн/Гц, гармоники и побочные составляющие ≤ -40 дБн.","jamming:Отработка и валидация алгоритмов защиты от помех и спуфинга|antenna:Тестирование антенных систем и ВЧ-трактов|drone:Испытания в составе комплексных систем (INS/GNSS, БПЛА, транспорт)|code:Разработка и отладка SDR-приёмников и исследовательских стендов|lab:Производственный контроль и входной контроль модулей",,,,,Каталог RFTEX v3.1 стр. 23-24,,
УМНС-8020,RFTEX УМНС-8020,umns-8020,gnss-equipment,RFTEX,Усилитель мощности L-диапазона,"8 независимых каналов, ≥20 Вт (43 дБм) на канал","L1, L2, L5, E1, E5, B1, B2, B3, G1, G2, G3 (1100–1700 МГц)","Стационарное, 3U, ≤22 кг",,,8-канальный усилитель мощности L-диапазона (1100–1700 МГц) в стандартном 3U корпусе — для наращивания мощности в испытательных стендах с имитаторами ГНСС и генераторами помех.,"- Рабочий диапазон 1100–1700 МГц — покрывает все основные ГНСС-диапазоны L1, L2, L5, E1, E5, B1, B2, B3, G1, G2, G3.
- 8 независимых каналов усиления с раздельными входами/выходами (разъёмы N-F).
- Удалённое управление и мониторинг по Ethernet (TCP/IP): состояние каждого канала, аварийная сигнализация.
- Встроенные защиты: перегрузка по входу/выходу, отражённая мощность, перенапряжение, перегрев.
- Низкий коэффициент шума (≤5 дБ), высокая чистота спектра (подавление побочных ≥60 дБн, гармоник ≥20 дБн).",receiver:Разработка и проверка RTK/PPP/SBAS-решений|field:Полевые испытания приёмников и антенн|code:Отладка и сравнение алгоритмов обработки|jamming:Тестирование устойчивости к помехам и спуфингу|drone:Интеграция с инерциальными системами и БПЛА|lab:Производственный контроль и входной контроль модулей,,,,,Каталог RFTEX v3.1 стр. 25-26,,
СЧВС-48Р1,RFTEX СЧВС-48Р1,schvs-48r1,gnss-equipment,RFTEX,Сервер частотно-временной синхронизации,"До 8× выход 10 МГц, до 4× выход 1PPS",ГНСС-дисциплинирование + рубидиевый стандарт,"19″ шасси, 1U, менее 20 кг","Кратковременная стабильность (девиация Аллана):≤5×10⁻¹³ при τ=1с; ≤6×10⁻¹³ при τ=10с; ≤5×10⁻¹³ при τ=100с|Точность синхронизации 1PPS:≤ ±10 нс (RMS) относительно UTC|Точность подстройки рубидиевого стандарта:< 1×10⁻¹² (при дисциплинировании по ГНСС)|Точность хода в режиме удержания:≤ 1 мкс/сутки|Воспроизводимость частоты:≤ ±5×10⁻¹¹|Старение:≤ ±5×10⁻¹²/сутки|Время прогрева:< 30 минут|Питание сервера:~220 В AC, ≤ 40 Вт (при 25 °C)|Рабочая температура сервера:-20 °C … 50 °C|Температура хранения сервера:-40 °C … 90 °C|Относительная влажность:до 90 % без конденсации|Габариты сервера:19″ шасси, высота 1U|Масса сервера:менее 20 кг|Конфигурация выходов 10 МГц:4 выхода в базе (синус, 50 Ом, >9 дБм), расширение до 8|Конфигурация выходов 1PPS:1 выход в базе (>2 В TTL, 100 мс), расширение до 4",,"Высокостабильный рубидиевый стандарт частоты и времени с дисциплинированием по ГНСС — для систем синхронизации, телекоммуникаций, радиолокации и метрологии.","- Автоматическое поддержание частоты и времени при потере спутникового сигнала (holdover).
- Вход внешнего тактового сигнала 1PPS для дисциплинирования от внешнего эталона.
- Мониторинг состояния через RS-232 и Ethernet (UDP, SNMPv2).
- Приём сигналов ГНСС через встроенный приёмник (антенна в комплекте).
- Конфигурация выходов: 10 МГц — 4 выхода в базе с расширением до 8, 1PPS — 1 выход с расширением до 4.",shield:Проверка терминалов и оборудования критической инфраструктуры|satellite:Испытания спутникового оборудования и терминалов|receiver:Проверка многочастотных и многосистемных приёмников|antenna:Многоантенные сценарии|lab:Разработка и отладка исследовательских стендов,,,,,Каталог RFTEX v3.1 стр. 27-28,,
ЭКБ-400,RFTEX ЭКБ-400,ekb-400,gnss-equipment,RFTEX,Экранированная безэховая камера,,,"Внутренний объём 0,9×0,9×1,0 м, экранирование ≥80 дБ, масса 750 кг","Рабочий диапазон частот:0,4 – 18 ГГц|Эффективность экранирования:гарантированная не менее 80 дБ, типовая более 100 дБ|Габаритные размеры (по экрану):1,5 × 1,5 × 2,3 м|Внутренний объём (по РПМ):0,9 × 0,9 × 1,0 м|Масса камеры:750 кг|Диапазон поглощения РПМ:от 1 до 40 ГГц|Применяемый РПМ:пол и потолок — 4Т-60, боковые стенки — 4Т-33, дверь — 4Т-15|Проём двери в чистоте:0,8 × 0,8 м",,"Компактная экранированная безэховая камера для испытаний устройств и модулей ГНСС — изоляция от внешних помех ≥80 дБ, радиопоглощение 0,4–18 ГГц, антенные исследования на частотах свыше 2 ГГц.","- Высокое экранирование — гарантированно более 80 дБ, изоляция от внешних помех.
- Широкополосное поглощение — радиопоглощающий материал эффективно работает от 1 до 40 ГГц.
- Компактные размеры — внутренний объём 0,9×0,9×1,0 м, подходит для лабораторий с ограниченным пространством.
- Гибкость конфигурации — широкий выбор фильтров, проходных панелей и интерфейсов.
- Удобство транспортировки — колёса с фиксаторами и рым-болты; возможность дооснащения под конкретные задачи.",receiver:Испытания устройств и модулей ГНСС|satellite:Испытания приёмо-передающих модулей (ППМ)|antenna:Антенные исследования на частотах свыше 2 ГГц|jamming:Измерения электромагнитной совместимости (ЭМС)|shield:Исследование влияния внешних электромагнитных полей,,,,,Каталог RFTEX v3.1 стр. 29-30,,
ИСПП-8100,RFTEX ИСПП-8100,ispp-8100,gnss-equipment,RFTEX,Интегрированная система защиты от помех ГНСС,4-элементная антенная решётка,B1/L1/E1,"60 × 60 × 20 мм, ≤150 г",Элементов антенной решётки:4|Диапазоны частот:B1/L1/E1|Подавление одиночной помехи (J/S):≥ 100 дБ|Подавление трёх помех (J/S):≥ 85 дБ|Выходной уровень сигнала:−70 … −50 дБмВт|Напряжение питания:+9 … +24 В (ном. +12 В)|Потребляемая мощность:≤ 7 Вт|Разъём питания и I/O:J30J-9ZK|Габариты:60 × 60 × 20 мм|Масса:≤ 150 г|Рабочая температура:-40 °C … +70 °C|Температура хранения:-45 °C … +85 °C,,"Компактная 4-элементная система активной защиты от помех ГНСС (B1/L1/E1) — самый лёгкий и малогабаритный вариант серии, для ультракомпактных БЛА и автомобильных платформ.","- 4-элементная антенная решётка с объединением каналов на выходе.
- Подавление широкополосных, узкополосных, многотональных, однотональных, перестраиваемых и импульсных помех.
- Помехоустойчивость: к одиночной помехе ≥100 дБ, к трём одновременным ≥85 дБ.
- Широкий диапазон питания +9…+24 В, всепогодное исполнение -40…+70 °C.",drone:БПЛА/БЛА|shield:Объекты критической инфраструктуры|field:Морские и наземные транспортные средства|satellite:Аэрокосмическая промышленность|antenna:Геодезия и картография|jamming:Оборонная отрасль,,,,,"Каталог RFTEX v3.1 (серия ИСПП, стр. 31-50)",,
ИСПП-8200,RFTEX ИСПП-8200,ispp-8200,gnss-equipment,RFTEX,Интегрированная система защиты от помех ГНСС,4-элементная антенная решётка,B1/L1/E1,"65 × 65 × 20 мм, ≤130 г",Элементов антенной решётки:4|Диапазоны частот:B1/L1/E1|Подавление одиночной помехи (J/S):≥ 100 дБ|Подавление трёх помех (J/S):≥ 90 дБ|Выходной уровень сигнала:−65 … −55 дБмВт|Напряжение питания:+9 … +24 В (ном. +12 В)|Потребляемая мощность:≤ 4 Вт|Разъём питания и I/O:J30J-9ZK|Габариты:65 × 65 × 20 мм|Масса:≤ 130 г|Рабочая температура:-40 °C … +70 °C|Температура хранения:-45 °C … +85 °C,,"4-элементная система активной защиты от помех ГНСС (B1/L1/E1) с низким энергопотреблением (≤4 Вт) — для навигации, синхронизации, автомобильных систем и БПЛА.","- 4-элементная архитектура с объединением каналов на выходе.
- Подавление широкополосных, узкополосных, многотональных, однотональных, перестраиваемых и импульсных помех.
- Помехоустойчивость: к одиночной помехе ≥100 дБ, к трём одновременным ≥90 дБ.
- Низкое потребление ≤4 Вт, всепогодное исполнение -40…+70 °C.",drone:БПЛА/БЛА|shield:Объекты критической инфраструктуры|field:Морские и наземные транспортные средства|satellite:Аэрокосмическая промышленность|antenna:Геодезия и картография|jamming:Оборонная отрасль,,,,,"Каталог RFTEX v3.1 (серия ИСПП, стр. 31-50)",,
ИСПП-8300,RFTEX ИСПП-8300,ispp-8300,gnss-equipment,RFTEX,Интегрированная система защиты от помех ГНСС,4-элементная антенная решётка,B1/L1/E1,"80 × 80 × 20 мм, ≤220 г",Элементов антенной решётки:4|Диапазоны частот:B1/L1/E1|Подавление одиночной помехи (J/S):≥ 100 дБ|Подавление трёх помех (J/S):≥ 90 дБ|Выходной уровень сигнала:-70 … -50 дБмВт|Напряжение питания:+9 … +24 В (ном. +12 В)|Потребляемая мощность:≤ 14 Вт|Разъём питания и I/O:J30J-9ZK|Габариты:80 × 80 × 20 мм|Масса:≤ 220 г|Рабочая температура:-40 °C … +70 °C|Температура хранения:-45 °C … +85 °C,,"4-элементная система активной защиты от помех ГНСС (B1/L1/E1), оптимизированная для сверхкомпактных автомобильных и БПЛА-платформ.","- 4-элементная архитектура с объединением каналов на выходе.
- Эффективное подавление всех основных типов помех.
- Помехоустойчивость: к одиночной помехе ≥100 дБ, к трём одновременным ≥90 дБ.
- Широкий диапазон питания +9…+24 В, рабочая температура -40…+70 °C.",drone:БПЛА/БЛА|shield:Объекты критической инфраструктуры|field:Морские и наземные транспортные средства|satellite:Аэрокосмическая промышленность|antenna:Геодезия и картография|jamming:Оборонная отрасль,,,,,"Каталог RFTEX v3.1 (серия ИСПП, стр. 31-50)",,
ИСПП-8400,RFTEX ИСПП-8400,ispp-8400,gnss-equipment,RFTEX,Интегрированная система защиты от помех ГНСС,4-элементная антенная решётка,"B1I/L1/E1+G1 (ГЛОНАСС, GPS, Galileo, BeiDou)","100 × 100 × 26 мм, ≤310 г",Элементов антенной решётки:4|Диапазоны частот:B1I/L1/E1+G1|Подавление одиночной помехи (J/S):≥ 110 дБ|Подавление трёх помех (J/S):≥ 95 дБ|Выходной уровень сигнала:-70 … -50 дБмВт|Напряжение питания:+9 … +32 В|Потребляемая мощность:≤ 10 Вт|Разъём питания и I/O:J30J-9ZK|Габариты:100 × 100 × 26 мм|Масса:≤ 310 г|Рабочая температура:-40 °C … +70 °C|Температура хранения:-45 °C … +85 °C,,"4-элементная система защиты от помех с расширенным покрытием диапазонов (ГЛОНАСС, GPS, Galileo, BeiDou) и повышенной помехоустойчивостью ≥110 дБ — для бортовых сетей 12/24 В.","- 4-элементная архитектура, рабочие диапазоны B1I/L1/E1+G1.
- Повышенная помехоустойчивость: одиночная помеха ≥110 дБ, три одновременные ≥95 дБ.
- Расширенный диапазон питания +9…+32 В, совместим с бортовыми сетями 12/24 В.
- Ультракомпактный корпус при массе ≤310 г, всепогодное исполнение.",drone:БПЛА/БЛА|shield:Объекты критической инфраструктуры|field:Морские и наземные транспортные средства|satellite:Аэрокосмическая промышленность|antenna:Геодезия и картография|jamming:Оборонная отрасль,,,,,"Каталог RFTEX v3.1 (серия ИСПП, стр. 31-50)",,
ИСПП-8500,RFTEX ИСПП-8500,ispp-8500,gnss-equipment,RFTEX,Интегрированная система защиты от помех ГНСС,4-элементная антенная решётка,B1/L1/E1/L5 (опционально L2/B3),"130 × 130 × 32 мм, 580 г ± 20 г",Элементов антенной решётки:4|Диапазоны частот:B1/L1/E1/L5 (опция L2/B3)|Полоса пропускания (осн. диапазон):1 568 ± 10 МГц (L1/E1)|Полоса пропускания (доп. диапазон):1 176 ± 10 МГц (L5/E5a)|Подавление одиночной помехи (J/S):≥ 110 дБ|Подавление трёх помех (J/S):≥ 95 дБ|Выходной уровень сигнала:-70 … -50 дБмВт|Напряжение питания:+9 … +24 В (ном. +24 В)|Потребляемая мощность:≤ 16 Вт|Разъём питания и I/O:J30J-9ZK|Габариты:130 × 130 × 32 мм|Масса:580 г ± 20 г|Рабочая температура:-40 °C … +70 °C|Температура хранения:-45 °C … +85 °C,,4-элементная двухчастотная система защиты от помех (B1/L1/E1 + L5/E5a) — высокая точность позиционирования за счёт двухчастотной обработки.,"- Двухчастотная работа: B1/L1/E1/L5, с опциональным расширением L2/B3.
- Помехоустойчивость: одиночная помеха ≥110 дБ, три одновременные ≥95 дБ.
- 4-элементная антенная решётка с комбинированным выходом.
- Широкий диапазон питания +9…+24 В, низкое энергопотребление для двухчастотного решения ≤16 Вт.",drone:БПЛА/БЛА|shield:Объекты критической инфраструктуры|field:Морские и наземные транспортные средства|satellite:Аэрокосмическая промышленность|antenna:Геодезия и картография|jamming:Оборонная отрасль,,,,,"Каталог RFTEX v3.1 (серия ИСПП, стр. 31-50)",,
ИСПП-8600,RFTEX ИСПП-8600,ispp-8600,gnss-equipment,RFTEX,Интегрированная система защиты от помех ГНСС,8-элементная антенная решётка,B1I/L1/E1+G1,"150 × 150 × 34 мм, 690 г ± 10 г",Элементов антенной решётки:8|Диапазоны частот:B1I/L1/E1+G1|Полоса пропускания:1 583 ± 25 МГц (50 МГц)|Подавление одиночной помехи (J/S):≥ 110 дБ|Подавление трёх помех (J/S):≥ 100 дБ|Подавление семи помех (J/S):≥ 95 дБ|Выходной уровень сигнала:-70 … -50 дБмВт|Напряжение питания:+9 … +24 В|Потребляемая мощность:≤ 20 Вт|Разъём питания и I/O:J30J-9ZK|Габариты:150 × 150 × 34 мм|Масса:690 г ± 10 г|Рабочая температура:-40 °C … +70 °C|Температура хранения:-45 °C … +85 °C,,"8-элементная система защиты от помех с широкой полосой подавления (50 МГц) — защита от до 7 одновременно действующих помех, для БЛА и автомобильных платформ.","- 8-элементная антенная решётка — повышенная помехоустойчивость.
- Широкополосное подавление: полоса 50 МГц в диапазоне 1583±25 МГц.
- Рекордные показатели: одиночная помеха ≥110 дБ, три помехи ≥100 дБ, семь помех ≥95 дБ.
- Широкий диапазон питания +9…+24 В, всепогодное исполнение -40…+70 °C.",drone:БПЛА/БЛА|shield:Объекты критической инфраструктуры|field:Морские и наземные транспортные средства|satellite:Аэрокосмическая промышленность|antenna:Геодезия и картография|jamming:Оборонная отрасль,,,,,"Каталог RFTEX v3.1 (серия ИСПП, стр. 31-50)",,
ИСПП-8700,RFTEX ИСПП-8700,ispp-8700,gnss-equipment,RFTEX,Интегрированная система защиты от помех ГНСС,8-элементная антенная решётка,B1/L1/E1/L5 (опционально L2/B3),"240 × 240 × 42 мм, 1600 г ± 20 г",Элементов антенной решётки:8|Диапазоны частот:B1/L1/E1/L5 (опция L2/B3)|Полоса пропускания (осн. диапазон):1 568 ± 10 МГц (B1/L1)|Полоса пропускания (доп. диапазон):1 227 ± 10 МГц (L2)|Подавление (осн. диапазон): одиночной/трёх/семи помех:≥ 110 / ≥ 95 / ≥ 85 дБ|Подавление (доп. диапазон): одиночной/трёх/семи помех:≥ 105 / ≥ 90 / ≥ 75 дБ|Выходной уровень сигнала:-70 … -50 дБмВт|Напряжение питания:+9 … +32 В|Потребляемая мощность:≤ 30 Вт|Разъём питания и I/O:J30J-9ZK|Габариты:240 × 240 × 42 мм|Масса:1 600 г ± 20 г|Рабочая температура:-40 °C … +70 °C|Температура хранения:-45 °C … +85 °C,,"8-элементная двухчастотная система защиты от помех для высокоточной навигации в условиях интенсивных множественных помех — БЛА, морские и наземные платформы, геодезия.","- 8-элементная антенная решётка с комбинированным выходом, двухчастотная защита B1/L1 + L2.
- Подавление множественных помех (7+7): B1/L1 — одиночная ≥110 дБ/три ≥95 дБ/семь ≥85 дБ; L2 — ≥105/≥90/≥75 дБ.
- Расширенный диапазон питания +9…+32 В, совместим с бортовыми сетями 12/24/28 В.
- Всепогодное исполнение -40…+70 °C.",drone:БПЛА/БЛА|shield:Объекты критической инфраструктуры|field:Морские и наземные транспортные средства|satellite:Аэрокосмическая промышленность|antenna:Геодезия и картография|jamming:Оборонная отрасль,,,,,"Каталог RFTEX v3.1 (серия ИСПП, стр. 31-50)",,
ИСПП-8800,RFTEX ИСПП-8800,ispp-8800,gnss-equipment,RFTEX,Интегрированная система защиты от помех ГНСС,16-элементная антенная решётка,B1/L1/E1,"280 × 280 × 49 мм, ≤2,2 кг","Элементов антенной решётки:16|Диапазоны частот:B1/L1/E1|Полоса пропускания:1 568 ± 10 МГц|Подавление одиночной помехи (J/S):≥ 110 дБ|Подавление семи помех (J/S):≥ 95 дБ|Подавление пятнадцати помех (J/S):≥ 88 дБ|Выходной уровень сигнала:-75 … -55 дБмВт|Напряжение питания:+20 … +32 В (ном. +24 В)|Потребляемая мощность:≤ 45 Вт|Разъём питания и I/O:MS3112E14-19P|Габариты:280 × 280 × 49 мм|Масса:≤ 2,2 кг|Рабочая температура:-40 °C … +70 °C|Температура хранения:-45 °C … +85 °C",,16-элементная система защиты от помех с подавлением до 15 широкополосных помех и встроенной защитой от спуфинга — для высокозащищённых навигационных систем.,"- 16-элементная антенная решётка — максимальная помехоустойчивость в линейке.
- Подавление до 15 одновременно действующих широкополосных помех.
- Встроенная защита от спуфинга (генеративного и ретрансляционного).
- Повышенная мощность и расширенное питание +20…+32 В.",drone:БПЛА/БЛА|shield:Объекты критической инфраструктуры|field:Морские и наземные транспортные средства|satellite:Аэрокосмическая промышленность|antenna:Геодезия и картография|jamming:Оборонная отрасль,,,,,"Каталог RFTEX v3.1 (серия ИСПП, стр. 31-50)",,
ИСПП-8900,RFTEX ИСПП-8900,ispp-8900,gnss-equipment,RFTEX,Интегрированная система защиты от помех ГНСС,16-элементная антенная решётка,"B1/L1/E1 + B2a/L5/E5a (опционально L1/L2, B1/B3)","340 × 340 × 65 мм, ≤5 кг","Элементов антенной решётки:16|Диапазоны частот:B1/L1/E1 + B2a/L5/E5a (опция L1/L2, B1/B3)|Полоса пропускания (осн. диапазон):1 568 ± 10 МГц (L1/E1)|Полоса пропускания (доп. диапазон):1 176 ± 8 МГц (L5/E5a)|Подавление одиночной помехи (J/S):≥ 110 дБ|Подавление пятнадцати помех (J/S):≥ 90 дБ|Выходной уровень сигнала:-75 … -55 дБмВт|Напряжение питания:+20 … +32 В (ном. +28 В)|Потребляемая мощность:≤ 68 Вт|Разъём питания и I/O:MS3112E14–19P|Габариты:340 × 340 × 65 мм|Масса:≤ 5 кг|Рабочая температура:-40 °C … +70 °C|Температура хранения:-45 °C … +85 °C",,"16-элементная двухчастотная система защиты от помех (L1+L5) — максимальная производительность и интеграция в линейке, подавление до 15 помех одновременно.","- 16-элементная архитектура — максимальное количество элементов в линейке.
- Двухчастотная защита: B1/L1/E1 (1568±10 МГц) и B2a/L5/E5a (1176±8 МГц).
- Подавление до 15 одновременно действующих помех: одиночная ≥110 дБ, пятнадцать помех ≥90 дБ.
- Опциональное расширение на диапазоны L1/L2 или B1/B3, питание +20…+32 В.",drone:БПЛА/БЛА|shield:Объекты критической инфраструктуры|field:Морские и наземные транспортные средства|satellite:Аэрокосмическая промышленность|antenna:Геодезия и картография|jamming:Оборонная отрасль,,,,,"Каталог RFTEX v3.1 (серия ИСПП, стр. 31-50)",,
ГНСС-модуль,RFTEX ГНСС-модуль,gnss-modul,gnss-equipment,RFTEX,ГНСС-модуль (компактный мультисистемный),"Многочастотный, полносозвездийный приём","GPS, ГЛОНАСС, Galileo, BeiDou, QZSS, SBAS","LGA 17 × 22 × 2,75 мм, 1,95 г",,,"Компактный многочастотный мультисистемный модуль высокоточного позиционирования (LGA, 1,95 г) — для встраивания в конечные изделия: ADAS, БПЛА, точное земледелие, геодезия.","- Полносозвездийный многочастотный приём (GPS, ГЛОНАСС, Galileo, BeiDou, QZSS, SBAS), сигналы L1/L2/L5, G1/G2, E1/E5/E6, B1/B2/B3.
- Точность: SPP — 1,5 м (гориз.), RTK — 1,0 см + 1 ppm, инициализация ≈5 с.
- Функциональная безопасность ISO 26262 уровня ASIL B, автомобильная квалификация AEC-Q104.
- Интерфейсы UART, CAN-FD, SPI, RMII; протоколы RTCM 3.3 и NMEA 0183.
- Рабочая температура -40…+85 °C, встроенный супервизор антенны.",,,,,,Каталог RFTEX v3.1 стр. 51-52,,
ГНСС-приёмник,RFTEX ГНСС-приёмник,gnss-priemnik,gnss-equipment,RFTEX,ГНСС-приёмник (многочастотный мультисистемный),,Многочастотный мультисистемный тракт,"Промышленный корпус, разъёмы LEMO/RJ-45/SMA/BNC",,,"Компактный многочастотный мультисистемный ГНСС-приёмник с активной антенной (встроенной или внешней) — выход синхронизации 1PPS, передача данных по Ethernet, Wi-Fi и Bluetooth.","- Активная patch-антенна с малошумящим усилителем, преселектором и ПАВ-фильтром.
- Разъём SMA со встроенным СВЧ-коммутатором для переключения между внутренней и внешней антеннами.
- Точный выход метки времени 1PPS через разъём BNC.
- Передача данных по Ethernet (TCP/UDP), а также Wi-Fi и Bluetooth.
- Индустриальный дизайн: разъёмы и кабели — на задней панели, индикаторы и кнопка сброса — на лицевой.",,,,,,Каталог RFTEX v3.1 стр. 53,,
ПЗНС-4200,ПЗНС/4200,pzns-4200,gnss-equipment,,Комплекс записи и воспроизведения сигналов ГНСС,"2 канала записи, 2 канала воспроизведения","ГЛОНАСС, GPS, BDS, Galileo, NavIC, QZSS, SBAS","Портативное, 1,9 кг","Каналы записи сигнала:2 (центральная частота каждого канала выбирается)|Каналы воспроизведения сигнала:2|Диапазон входного уровня:−80 … −30 дБмВт|Диапазон регулировки усиления:20–70 дБ|Полоса записи сигнала:4,6875 / 9,375 / 18,75 / 23,4375 / 37,5 / 46,875 / 62,5 / 93,75 МГц (выбираемая)|Точность оцифровки сигнала (I/Q):2, 4 или 8 бит (настраиваемая)|Поддержка воспроизведения:с любой точки сохранённого файла, пауза в любой момент|Каскадирование устройств:поддерживается (синхронная работа нескольких устройств)|Дисплей:5-дюймовый сенсорный экран|Локальное управление:сенсорное + физическое|Удалённое управление:двунаправленный импорт/экспорт данных между ПК и устройством|Локальное хранилище:SSD до 4 ТБ, с «горячей» заменой|Время работы от аккумулятора:до 4 часов непрерывной работы, аккумулятор с «горячей» заменой (запасной — в комплекте)|Масса (ИНСС):1,9 кг с батареей",3,"Портативный комплекс записи и воспроизведения сигналов ГНСС ПЗНС/4200 — та же аппаратная платформа, что у RFTEX ИНСС-4200, в расширенной комплектации «под ключ»: накопитель и аккумулятор с «горячей» заменой, обе антенны, кейс и опции расширения — в комплекте.","- Та же аппаратная платформа, что у RFTEX ИНСС-4200: синхронный сбор и воспроизведение двухдиапазонных сигналов ГЛОНАСС, GPS, BDS, Galileo, NavIC, QZSS и SBAS.
- Встроенный модуль ГНСС для мониторинга состояния навигационного сигнала в реальном времени.
- 5-дюймовый ёмкостный сенсорный экран, сенсорное и физическое управление записью/воспроизведением.
- Точность оцифровки сигнала I/Q: 2/4/8 бит; полоса пропускания при сборе данных до 90 МГц.
- SSD-накопитель до 4 ТБ с возможностью «горячей» замены — для непрерывной длительной записи без остановки устройства.
- Аккумулятор с «горячей» заменой — запасной входит в комплект, замена не прерывает работу.
- Воспроизведение с любой позиции сохранённого файла, с возможностью паузы.
- В комплект, в отличие от базовой поставки RFTEX ИНСС-4200, входят обе антенны (широкополосная передающая и принимающая мультисистемные), кейс для транспортировки и опции расширения сценариев применения.",code:Отладка и сравнение алгоритмов обработки|jamming:Тестирование устойчивости к помехам и спуфингу|receiver:Разработка и проверка RTK/PPP/SBAS-решений|drone:Интеграция с инерциальными системами и БПЛА|field:Полевые испытания приёмников и антенн,,,"Параметр|ПЗНС/4200|RFTEX ИНСС-4200
Бренд|Без бренда (собственная сборка)|RFTEX
Назначение|Запись и воспроизведение|Запись и воспроизведение
Каналы|2 канала записи, 2 канала воспроизведения|2 канала записи, 2 канала воспроизведения
Полоса записи|до 93,75 МГц (выбираемая)|до 93,75 МГц (выбираемая)
Накопитель|SSD до 4 ТБ, «горячая» замена|SSD до 4 ТБ, встроенный
Аккумулятор|До 4 ч, «горячая» замена, запасной в комплекте|До 4 ч
Антенны в комплекте|Передающая + принимающая, широкополосные мультисистемные|Не входят
Кейс для транспортировки|В комплекте|Не входит
Опции расширения / сценарии|В комплекте|—","ПЗНС/4200 собран на той же аппаратной платформе, что и RFTEX ИНСС-4200, — техническое ядро и диапазон поддерживаемых сигналов идентичны. Отличие — в комплектации: «горячая» замена накопителя и аккумулятора, обе антенны, кейс и опции расширения сценариев входят в поставку сразу, без докомплектации.",ГНСС рекордер 28_08_26.docx (заказчик),"Антенна ГНСС передающая — широкополосная, мультисистемная, мультичастотная
Антенна ГНСС принимающая — мультисистемная, мультичастотная
Запасной аккумулятор с «горячей» заменой
Кейс для транспортировки
Опции расширения и сценарии применения
Руководство по эксплуатации",1
