sku;short_description;adapt;regular_price
10A-Testing-Cable;Banana jack to alligator clip test lead(Current rating:10A);DP2000/DP900; 4 189 ? 
AD-3.5F-2.92M-L-26G;Adapter, 3.5mm (f) - 2.92 (m), DC ~ 26.5GHz;Vector Network Analyzer; 17 340 ? 
AD-3.5F-3.5F-L-26G;Adapter, 3.5mm (f) - 3.5mm (f), DC ~ 26.5GHz;Vector Network Analyzer; 13 860 ? 
AD-3.5M-2.92F-L-26G;Adapter, 3.5mm (m) - 2.92 (f), DC ~ 26.5GHz;Vector Network Analyzer; 17 340 ? 
AD-3.5M-3.5M-L-26G;Adapter, 3.5mm (m) - 3.5mm (m), DC ~ 26.5GHz;Vector Network Analyzer; 13 860 ? 
AD-NF-NF-L-18G;Adapter, N (f) - N (f), DC ~ 18GHz;Vector Network Analyzer; 6 930 ? 
AD-NM-BNCF-L-4G;Adapter, N (m) - BNC (f), DC ~ 4GHz;Vector Network Analyzer; 13 860 ? 
AD-NM-NM-L-18G;Adapter, N (m) - N(m), DC ~ 18GHz;Vector Network Analyzer; 11 550 ? 
ADP0150BNC;50Ohm Impedance Adapter(2W, 1GHz);COMMON; 2 002 ? 
AD-SMAF-BNCM-L-4G;Adapter, SMA (f) - BNC (m), DC ~ 4GHz;Vector Network Analyzer; 13 860 ? 
AD-SMAF-NM-L-18G;Adapter, SMA (f) - N (m), DC ~ 18GHz;Vector Network Analyzer; 9 240 ? 
AD-SMAF-SMAF-L-18G;Adapter, SMA (f) - SMA (f), DC ~ 18GHz;Vector Network Analyzer; 9 240 ? 
AD-SMAM-NM-L-18G;Adapter, SMA (m) - N (m), DC ~ 18GHz;Vector Network Analyzer; 9 240 ? 
AD-SMAM-SMAM-L-18G;Adapter, SMA (m) - SMA (m), DC ~ 18GHz;Vector Network Analyzer; 8 100 ? 
AFK-DP800;On line monitoring and analysis;DP800; 14 661 ? 
AMK-DSA800;Advanced Measurement Module;DSA800; 83 776 ? 
Arb16M-DG1000Z;16Mpts Memory Depth option;16Mpts Memory Depth option; 25 133 ? 
ARM;ARM;COMMON; 90 059 ? 
ATT03301H;30dB High Power Attenuator, Max Power 100W;DSA,DSG; 33 510 ? 
BAG-800;Instrument Pack;Accessories and Options; 8 994 ? 
BAG-DS1000;Soft Carring Bag;Soft Carring Bag; 8 254 ? 
BAG-G1;General Bag(DSA800/DG4000/DS2000);COMMON; 23 038 ? 
BatHolder350;Battery compartment;Battery compartment; 161 669 ? 
BNC Adapter Input 50 ?;BNC Adapter Input 50?;DS80000; 300 300 ? 
CB-20A-780MM;20A Red and Black Test Lead;DL3000; 2 094 ? 
CB-3.5M-3.5M-100-L-26G;RF Cable, DC ~ 26.5 GHz, 3.5 mm (m) - 3.5 mm (m), 100 cm;Vector Network Analyzer; 66 774 ? 
CB-40A-780MM;40A Red and Black Test Lead;DL3000; 4 189 ? 
CB-60A-780MM;60A Red and Black Test Lead;DL3000; 6 376 ? 
CB-80A-780MM;80A Red and black test cables;DL3000; 9 209 ? 
CB-BNC-AC-100-L;BNC TO ALLIGATOR CLIP;DG; 2 094 ? 
CB-BNC-BNC-MM-100;BNC Cable, 100cm;COMMON; 2 033 ? 
CB-DB9-DB9-F-F-150;RS232 Cable, Female to Female, 150cm;ALL; 2 064 ? 
CB-NM-3.5M-100-L-18G;RF Cable, DC ~ 18 GHz, N (m) - 3.5mm (m), 100 cm;Vector Network Analyzer; 59 844 ? 
CB-NMD3.5F-3.5F-63-L-26G;VNA RF Cable, DC ~ 26.5 GHz, NMD 3.5mm (f) - 3.5mm (f), 63.5 cm;Vector Network Analyzer; 170 724 ? 
CB-NM-NM-100-L-18G;RF Cable, DC ~ 18 GHz, N (m) - N (m), 100 cm;Vector Network Analyzer; 59 844 ? 
CB-NM-NM-75-L-12G;N(M)-N(M) RF Cable;DSA,DSG; 29 322 ? 
CB-NM-SMAM-100-L-18G;RF Cable, DC ~ 18 GHz, N (m) - SMA (m), 100 cm;Vector Network Analyzer; 59 844 ? 
CB-NM-SMAM-75-L-12G;N(M)-SMA(M) RF Cable;DSA,DSG; 29 322 ? 
CB-RS232-A;9-Pin RS232 Cable (female-to-female, cross-over);DL3000; 2 187 ? 
CB-SENSE;Sense Cable;DL3000; 2 094 ? 
CB-SMAM-SMAM-100-L-18G;RF Cable, DC ~ 18 GHz, SMA (m) - SMA (m), 100 cm;Vector Network Analyzer; 59 844 ? 
CB-SMB-BNC-FF-100;SMB(F) to BNC(F) cable, 100cm;Signal Generator Accessories; 8 254 ? 
CB-SMB-BNC-FM-100;SMB(F) to BNC(M) cable, 100cm;Signal Generator Accessories; 8 254 ? 
CB-SMB-SMB-FF-100;SMB(F) to SMB(F) cable, 100cm;Signal Generator Accessories; 8 254 ? 
CB-USBA-USBB-FF-150;USB Cable, 150cm;COMMON; 2 125 ? 
CF-PV&Deskew Kit-P-16GHz;Deskew and Performance Verification Kit;Digital Oscilloscope; 164 133 ? 
CK106A;VNA calibration kit?DC~6.5GHz;Spectrum Analyzer; 148 702 ? 
CK106E;VNA calibration kit?DC~1.5GHz;Spectrum Analyzer; 52 360 ? 
DEMOKIT-M300;DEMOKIT FOR M300;M300; 102 626 ? 
DG5000 Pro-2RL;DG5000 Pro 128 Mpts/CH (Max.) Arb Length Upgrade Option;DG5000 Pro; 90 059 ? 
DG5000 Pro-BND;DG5000 Pro BND Option;DG5000 Pro; 270 239 ? 
DG5000 Pro-IQ;DG5000 Pro IQ Modulation Option;DG5000 Pro; 90 059 ? 
DG5000 Pro-MPUL;DG5000 Pro Multi-pulse Output Option;DG5000 Pro; 90 059 ? 
DG5000 Pro-MTONE;DG5000 Pro Multi-tone Option;DG5000 Pro; 90 059 ? 
DG5000 Pro-PJ;DG5000 Pro Pattern Generator Option;DG5000 Pro; 90 059 ? 
DG5000 Pro-SEQ;DG5000 Pro Advanced Sequence Function;DG5000 Pro; 90 059 ? 
DG800 Pro-3RL;8M upgrade option;DG800 Pro; 10 472 ? 
DG800 Pro-DCH;2 channel upgrade option;DG800 Pro; 10 472 ? 
DG800-ARB8M;Memory Depth Upgrade Option;DG800; 11 242 ? 
DG800-DCH;Single-dual CH Upgrade Option;DG800; 15 739 ? 
DG900 Pro-3RL;32M upgrade option;DG900 Pro; 46 077 ? 
DHO1000-BWU10T20;100M to 200M bandwidth upgrade option;DHO1000; 81 682 ? 
DHO1000-BWU7T10;70M to 100M bandwidth upgrade option;DHO1000; 81 682 ? 
DHO1000-BWU7T20;70M to 200M bandwidth upgrade option;DHO1000; 134 534 ? 
DHO1000-RLU-01;100Mpts storage depth upgrade option;DHO1000; 26 426 ? 
DHO1000U-RLU-05;50 Mpts Record Length option;DHO1000U; 14 661 ? 
DHO4000-AEROA;MIL-STD1553 bus triggering and analysis options;DHO4000; 51 713 ? 
DHO4000-AUDIOA;I2S bus trigger and analysis options;DHO4000; 51 713 ? 
DHO4000-AUTOA;CAN-FD/LIN bus triggering and analysis options;DHO4000; 51 713 ? 
DHO4000-BND;HDO4000 Bundle Option;DHO4000; 134 904 ? 
DHO4000-BWU2T4;200M to 400M bandwidth upgrade option;DHO4000; 202 356 ? 
DHO4000-BWU2T8;200M to 800M bandwidth upgrade option;DHO4000; 373 234 ? 
DHO4000-BWU4T8;400M to 800M bandwidth upgrade option;DHO4000; 202 356 ? 
DHO4000-FLEXA;FlexRay Serial Bus Triggering and Analysis Options;DHO4000; 51 713 ? 
DHO4000-PWRA;Power Analysis Options;DHO4000; 51 713 ? 
DHO4000-RLU-05;500Mpts storage depth upgrade option;DHO4000; 76 446 ? 
DHO5000-3PHA;3-Phase Power Analysis;MHO/DHO5000; 229 583 ? 
DHO5000-AEROA;MIL-STD-1553 Bus Trigger and Decoding Option;MHO/DHO5000; 150 119 ? 
DHO5000-AUDIOA;I2S Audio Bus Trigger and Analysis Option;MHO/DHO5000; 150 119 ? 
DHO5000-AUTOA;CAN/CAN-FD, LIN Bus Trigger and Decoding Option;MHO/DHO5000; 150 119 ? 
DHO5000-BND;Bundle Option;MHO/DHO5000; 450 419 ? 
DHO5000-FlexA;FlexRay Trigger and Decoding Option;MHO/DHO5000; 150 119 ? 
DHO5000-PWRA;Power Analysis Option;MHO/DHO5000; 150 119 ? 
DHO5004-BWU05T10;500MHz to 1GHz Bandwidth Upgrade Option;MHO/DHO5000; 360 329 ? 
DHO5008-BWU05T10;500MHz to 1GHz Bandwidth Upgrade Option;MHO/DHO5000; 690 659 ? 
DIGITALIO-DL3;Digital I/O Option;DL3000; 16 755 ? 
DIGITALIO-DP800;4 Lines Trigger In&Out;DP800; 14 661 ? 
DK-DNA10;VNA Demo Board;Vector Network Analyzer; 170 108 ? 
DK-DS6000;DS6000 Demo Board;DS6000 Demo Board; 33 510 ? 
DL-02;Terminal Shield;DL3000; 2 094 ? 
DNA-DTF10;Distance to Fault;Vector Network Analyzer; 146 392 ? 
DNA-TDA10;Time Domain Analysis;Vector Network Analyzer; 236 944 ? 
DP2000-10A;Third channel 10A option;DP2000; 31 416 ? 
DP2000-GPIB;GPIB module option;DP2000; 31 416 ? 
DP2000-HADC;7.5k/s current option;DP2000; 31 416 ? 
DP900-ARB;100ms output interval option;DP900; 18 850 ? 
DP900-DIGITALIO;Digital IO option;DP900; 18 850 ? 
DP900-HIRES;High resolution option;DP900; 18 850 ? 
DS SYNC64;64CH synchronization module;Digital Oscilloscope; 1 434 479 ? 
DS70000-10MAUTOC;10M-BaseT1S Automotive Ethernet Compliance;DS70000; 777 762 ? 
DS70000-10MINDUC;10M Industrial Ethernet Compliance(T1L);DS70000; 777 762 ? 
DS70000-AENETC;On-board Ethernet consistency analysis software;DS70000; 1 038 792 ? 
DS70000-AEROA;Aerospace serial bus;DS70000; 382 228 ? 
DS70000-AUDIOA;Audio serial bus;DS70000; 382 228 ? 
DS70000-AUTOA;Auto serial bus;DS70000; 382 228 ? 
DS70000-DPHY12C;MIPI D-PHY Compliance;DS70000; 1 038 792 ? 
DS70000-EMBDA;Embedded serial bus;DS70000; 382 228 ? 
DS70000-ENETC;Ethernet Pre-compliance;DS70000; 1 117 455 ? 
DS70000-JITTA;Advanced eye and jitter;DS70000; 894 863 ? 
DS70000-RFFEA;DS70000 MIPI-RFFE protocol analysis option;Digital Oscilloscope; 382 228 ? 
DS70000-RL-20;2G Memory Depth Option;DS70000; 894 863 ? 
DS70000-RTSA;RTSA;DS70000; 894 863 ? 
DS70000-USBA;DS70000 USB2.0 protocol analysis option;Digital Oscilloscope; 382 228 ? 
DS70000-USBC;USB2.0 Pre-compliance;DS70000; 447 432 ? 
DS7000-2RL;250Mpts Deep Memory Option;MSO/DS7000; 134 042 ? 
DS7000-5RL;500Mpts Deep Memory Option;MSO/DS7000; 207 346 ? 
DS7000-AERO;MIL-STD 1553 Serial Triggering and Analysis;MSO/DS7000; 134 042 ? 
DS7000-AUDIO;Audio Serial Triggering and Analysis(I2S);MSO/DS7000; 134 042 ? 
DS7000-AUTO;Automotive Serial Triggering and Analysis(CAN/LIN);MSO/DS7000; 134 042 ? 
DS7000-BND;Application Bundle Options?including all the serial protocol analysis software, measurement;MSO/DS7000; 297 405 ? 
DS7000-BW1T2;100MHz to 200MHz Bandwidth Upgrade Option;MSO/DS7000; 166 382 ? 
DS7000-BW1T3;100MHz to 350MHz Bandwidth Upgrade Option;MSO/DS7000; 400 215 ? 
DS7000-BW1T5;100MHz to 500MHz Bandwidth Upgrade Option;MSO/DS7000; 607 068 ? 
DS7000-BW2T3;200MHz to 350MHz Bandwidth Upgrade Option;MSO/DS7000; 240 579 ? 
DS7000-BW2T5;200MHz to 500MHz Bandwidth Upgrade Option;MSO/DS7000; 447 432 ? 
DS7000-BW3T5;350MHz to 500MHz Bandwidth Upgrade Option;MSO/DS7000; 222 592 ? 
DS7000-COMP;Computer Serial Triggering and Analysis(RS232/UART);MSO/DS7000; 134 042 ? 
DS7000-EMBD;Embedded Serial Triggering and Analysis(IIC, SPI);MSO/DS7000; 134 042 ? 
DS7000-FLEX;Automotive Serial Triggering and Analysis(FlexRay);MSO/DS7000; 134 042 ? 
DS7000-FPC;MSO/DS7000 Front Panel Cover;MSO/DS7000; 16 755 ? 
DS7000-PWR;Integrated Power Analysis;MSO/DS7000; 134 042 ? 
DS8000-R-AERO;MIL-STD1553 Bus Analysis;DS8000-R; 159 636 ? 
DS8000-R-AUDIO;I2S Bus Analysis;DS8000-R; 159 636 ? 
DS8000-R-AUTO;CAN/LIN Bus Analysis;DS8000-R; 159 636 ? 
DS8000-R-AWG;25 MHz AWG Option;DS8000-R; 112 420 ? 
DS8000-R-BND;Application Bundle Options;DS8000-R; 366 489 ? 
DS8000-R-COMP;RS232/UART Bus Analysis;DS8000-R; 159 636 ? 
DS8000-R-EMBD;I2C/SPI Bus Analysis;DS8000-R; 159 636 ? 
DS8000-R-FLEX;FlexRay Bus Analysis;DS8000-R; 159 636 ? 
DS8000-R-JITTER;Eye Diagram and Jitter;DS8000-R; 159 636 ? 
DS8000-R-PWR;Built-in Power Analysis;DS8000-R; 159 636 ? 
DS9000-10MAUTOC;10M-BaseT1S Automotive Ethernet Compliance;DS9000; 777 762 ? 
DS9000-10MINDUC;10M Industrial Ethernet Compliance(T1L);DS9000; 777 762 ? 
DS9000-ADVJITTA;Advanced Jitter and Eye;DS9000; 1 299 822 ? 
DS9000-AEROA;MIL-STD-1553 Protocol Triggering and Decoding;DS9000; 156 094 ? 
DS9000-AUDIOA;Audio Bus I2S Protocol Triggering and Decoding;DS9000; 156 094 ? 
DS9000-AUTOA;Automotive Serial Bus CAN-FD, LIN Triggering and Decoding;DS9000; 156 094 ? 
DS9000-AUTOC;Automotive Ethernet Protocol Conformance Test (Host Computer APP);DS9000; 1 038 792 ? 
DS9000-BND;DS9000 Series Function Upgrade Total Package Bundle Option,includes all decoding options;DS9000; 386 324 ? 
DS9000-DPHY12C;MIPI D-PHY v1.2 Conformance Test (Host Computer APP);DS9000; 1 038 792 ? 
DS9000-ENETC;100/1000M Ethernet Protocol Conformance Test (Host Computer APP);DS9000; 1 299 822 ? 
DS9000-EYEA;Eye Diagram Analysis Option;DS9000; 417 124 ? 
DS9000-FlexA;Flexray Protocol Triggering and Decoding;DS9000; 156 094 ? 
DS9000-JITTA;Eye Diagram and Jitter Analysis Option;DS9000; 1 038 792 ? 
DS9000-PWRA;Power Analysis Option;DS9000; 333 995 ? 
DS9000-SENTA;SENT Decoding;DS9000; 156 094 ? 
DS9000-UPADVJITTA;UP to Advanced Jitter and Eye;DS9000; 333 995 ? 
DS9000-USBSQA;USB2.0 Protocol Signal Quality Test (Host Computer APP);DS9000; 516 732 ? 
DS9004-RLU-20;4CH Model Storage Depth Upgrade Option;DS9000; 391 037 ? 
DSA Utility Kit;Include: N-SMA Cable, BNC-BNC Cable, N-BNC Adapter, N-SMA Adapter, 75 ? to 50 ? Adapter, 900 MHz/1.8 GHz Antenna (2pcs), 2.4 GHz Antenna (2pcs);DSA,DG; 117 286 ? 
DSG3000B-PUG;DSG3000B Multi-pulse modulation and pulse generator options;?????; 90 059 ? 
DSG800-PUG;Pulse Modulation and pulse generator;DSG800; 117 286 ? 
DSG800-PUM;Pulse Modulation;DSG800; 90 059 ? 
ECAL109-NF2;Electronic Calibration Module, 100 kHz ~ 9 GHz, Type-N (f), 50 ?, 2 ports;Vector Network Analyzer; 623 484 ? 
ECAL114-NF2;Electronic Calibration Module, 100 kHz ~ 14 GHz, Type-N (f), 50 ?, 2 ports;Vector Network Analyzer; 692 784 ? 
ECAL126-35F2;Electronic Calibration Module, 100 kHz ~ 26.5 GHz, 3.5 mm (f), 2 ports;Vector Network Analyzer; 946 884 ? 
ECAL304-NF2;Basic ECal, 100 kHz ~ 4.5 GHz, Type-N (f), 50 ?, 2 ports;Calibration Kit; 157 080 ? 
ECAL304-SF2;Basic ECal, 100 kHz ~ 4.5 GHz, SMA (f), 50 ?, 2 ports;Calibration Kit; 157 080 ? 
ECAL309-NF2;Basic ECal, 100 kHz ~ 9 GHz, Type-N (f), 50 ?, 2 ports;Calibration Kit; 249 480 ? 
ECAL309-SF2;Basic ECal, 100 kHz ~ 9 GHz, SMA (f), 50 ?, 2 ports;Calibration Kit; 249 480 ? 
ECAL314-NF2;Basic ECal, 100 kHz ~ 14 GHz, Type-N (f), 50 ?, 2 ports;Calibration Kit; 411 180 ? 
ECAL314-SF2;Basic ECal, 100 kHz ~ 14 GHz, SMA (f), 50 ?, 2 ports;Calibration Kit; 411 180 ? 
ECAL404-NF2;Basic ECal, DC ~ 4.5 GHz, Type-N (f), 50 ?, 2 ports;Calibration Kit; 157 080 ? 
ECAL404-SF2;Basic ECal, DC ~ 4.5 GHz, SMA (f), 50 ?, 2 ports;Calibration Kit; 157 080 ? 
ECAL409-NF2;Basic ECal, DC ~ 9 GHz, Type-N (f), 50 ?, 2 ports;Calibration Kit; 249 480 ? 
ECAL409-SF2;Basic ECal, DC ~ 9 GHz, SMA (f), 50 ?, 2 ports;Calibration Kit; 249 480 ? 
ECAL414-NF2;Basic ECal, DC ~ 14 GHz, Type-N (f), 50 ?, 2 ports;Calibration Kit; 411 180 ? 
ECAL414-SF2;Basic ECal, DC ~ 14 GHz, SMA (f), 50 ?, 2 ports;Calibration Kit; 411 180 ? 
EMI-DSA800;EMI Filter > Quasi-Peak Detector;DSA800; 96 342 ? 
FH-DG5000;Frequency Hopping Option;DG5000; 324 632 ? 
FREQ-DL3;High Frequency Option;DL3000; 16 755 ? 
High Impedance Adapter;HighImpedanceAdapter;DS80000; 503 580 ? 
HIRES-DL3;Readback Resolution Option;DL3000; 16 755 ? 
HIRES-DP700;1mV/1mA resolution option;DP700; 8 254 ? 
HIRES-DP800;1mV&1mA resolution option;DP800; 14 661 ? 
IC?????;LA Testing Nips;LA Testing Nips; 8 378 ? 
INTERFACE-DP800;RS232 and LAN interface;DP800; 18 850 ? 
KELVINTESTCLIP?DMM;Kelvin Test Clip;DMM Accessories; 10 472 ? 
LAN-DL3;LAN Interface Option;DL3000; 16 755 ? 
LD-DM;DMM Test Lead;DMM Accessories; 4 189 ? 
M3A2B;Analog Bus to Banana port for M300;M300; 2 125 ? 
M3GPIB;GPIB Reverse Entry for M300;M300; 10 472 ? 
M3TB16;Terminal Box for MC3416;M300; 12 751 ? 
M3TB20;Terminal Box for MC3120;M300; 12 751 ? 
M3TB24;Terminal Box for MC3324;M300; 12 751 ? 
M3TB32;Terminal Box for MC3132;M300; 12 751 ? 
M3TB32T;Terminal Box for MC3132(Dedicated to temperature test);Data Acquisition/Switch System; 12 566 ? 
M3TB34;Terminal Box for MC3534;M300; 12 751 ? 
M3TB48;Terminal Box for MC3648;M300; 12 751 ? 
M3TB64;Terminal Box for MC3164;M300; 12 751 ? 
MC3065;DMM Module;M300; 77 493 ? 
MC3120;20-Channel Multiplexer;M300; 54 454 ? 
MC3132;32-Channel Multiplexer;M300; 69 115 ? 
MC3164;64-Channel Single-Ended Multiplexer;M300; 69 115 ? 
MC3324;24-Channel Multiplexer;M300; 79 587 ? 
MC3416;16-Channel Actuator;M300; 58 643 ? 
MC3534;Multifunction module;M300; 90 059 ? 
MC3648;4x8 Matrix Switch;M300; 73 304 ? 
MCAL104-NF1;Mechanical Calibration Kit, DC ~ 4.5 GHz, Type-N (f), 50 ?;Vector Network Analyzer; 78 324 ? 
MCAL104-NM1;Mechanical Calibration Kit, DC ~ 4.5 GHz, Type-N (m), 50 ?;Vector Network Analyzer; 78 324 ? 
MCAL104-SF1;Mechanical Calibration Kit, DC ~ 4.5 GHz, SMA (f);Vector Network Analyzer; 94 494 ? 
MCAL104-SM1;Mechanical Calibration Kit, DC ~ 4.5 GHz, SMA (m);Vector Network Analyzer; 94 494 ? 
MCAL109-NF1;Mechanical Calibration Kit, DC ~ 9 GHz, Type-N (f), 50 ?;Vector Network Analyzer; 253 884 ? 
MCAL109-NK1;Mechanical Calibration Kit, DC ~ 9 GHz, Type-N (m & f), 50 ?;Vector Network Analyzer; 484 884 ? 
MCAL109-NM1;Mechanical Calibration Kit, DC ~ 9 GHz, Type-N (m), 50 ?;Vector Network Analyzer; 253 884 ? 
MCAL109-SF1;Mechanical Calibration Kit, DC ~ 9 GHz, SMA (f);Vector Network Analyzer; 311 634 ? 
MCAL109-SK1;Mechanical Calibration Kit, DC ~ 9 GHz, SMA (m & f);Vector Network Analyzer; 521 844 ? 
MCAL109-SM1;Mechanical Calibration Kit, DC ~ 9 GHz, SMA (m);Vector Network Analyzer; 311 634 ? 
MCAL126-35K1;Mechanical Calibration Kit, DC ~ 26.5 GHz, 3.5 mm (m & f);Vector Network Analyzer; 785 184 ? 
MCAL226-35F5;4-in-1 OSLT Mechanical Calibration Kit, DC ~ 26.5 GHz, 3.5 mm (f);Vector Network Analyzer; 623 484 ? 
MHO2000-AEROA;MIL-STD-1553 bus triggering and decoding option;MHO2000; 46 169 ? 
MHO2000-AUDIOA;I2S audio bus triggering and analysis option;MHO2000; 46 169 ? 
MHO2000-AUTOA;CAN-FD, LIN bus triggering and decoding option;MHO2000; 46 169 ? 
MHO2000-AWG;Built-in dual-channel 50MHz function signal generator option;MHO2000; 69 269 ? 
MHO2000-BND;BND option;MHO2000; 173 219 ? 
MHO2000-FLEXA;FlexRay triggering and decoding option;MHO2000; 46 169 ? 
MHO2000-PWRA;Power analysis option;MHO2000; 46 169 ? 
MHO5000-3PHA;3-Phase Power Analysis;MHO/DHO5000; 229 583 ? 
MHO5000-AEROA;MIL-STD-1553 Bus Trigger and Decoding Option;MHO/DHO5000; 150 119 ? 
MHO5000-AUDIOA;I2S Audio Bus Trigger and Analysis Option;MHO/DHO5000; 150 119 ? 
MHO5000-AUTOA;CAN/CAN-FD, LIN Bus Trigger and Decoding Option;MHO/DHO5000; 150 119 ? 
MHO5000-AWG;Built-in Dual-Channel 50MHz Function Signal Generator Option;MHO/DHO5000; 120 089 ? 
MHO5000-FlexA;FlexRay Trigger and Decoding Option;MHO/DHO5000; 150 119 ? 
MHO5000-PWRA;Power Analysis Option;MHO/DHO5000; 150 119 ? 
MHO5004-BND;MHO5004, 4-channel model bundle option, including all decoding options, power analysis options, and built-in signal source;MHO/DHO5000; 507 584 ? 
MHO5004-BWU05T10;500MHz to 1GHz Bandwidth Upgrade Option;MHO/DHO5000; 360 329 ? 
MHO5006-BND;MHO5006, 6-channel model Bundle option, including all decoding options and power analysis option;MHO/DHO5000; 447 894 ? 
MHO5006-BWU05T10;500MHz to 1GHz Bandwidth Upgrade Option;MHO/DHO5000; 690 659 ? 
MHO900-AEROA;MHO900, MIL-STD-1553 Bus Triggering and Decoding Analysis Option;MHO900, MIL-STD-1553 Bus Triggering and Decoding Analysis Option; 24 240 ? 
MHO900-AFG100;MHO900?2 Channel 100 MHz Arbitrary Function Generator Option, includes Bode-plot;MHO900?2 Channel 100 MHz Arbitrary Function Generator Option, includes Bode-plot; 123 169 ? 
MHO900-AFG50;MHO900?2 Channel 50 MHz Arbitrary Function Generator Option, includes Bode-plot;MHO900?2 Channel 50 MHz Arbitrary Function Generator Option, includes Bode-plot; 73 704 ? 
MHO900-AUDIOA;MHO900?I2S Audio-Bus Trigger and Analysis Option;MHO900?I2S Audio-Bus Trigger and Analysis Option; 24 240 ? 
MHO900-AUTOA;MHO900, Automotive Serial Bus CAN-FD Decoding and Analysis Option;MHO900, Automotive Serial Bus CAN-FD Decoding and Analysis Option; 24 240 ? 
MHO900-BND;MHO900, Functional Upgrade Package Option, includes: AFG100, AUDIOA, AUTOA, FlexA, AEROA;MHO900, Functional Upgrade Package Option, includes: AFG100, AUDIOA, AUTOA, FlexA, AEROA; 147 902 ? 
MHO900-BWU03T05;MHO900?350 MHz to 500 MHz Bandwidth Upgrade Option;MHO900?350 MHz to 500 MHz Bandwidth Upgrade Option; 48 972 ? 
MHO900-BWU03T08;MHO900?350 MHz to 800 MHz Bandwidth Upgrade Option;MHO900?350 MHz to 800 MHz Bandwidth Upgrade Option; 73 704 ? 
MHO900-BWU05T08;MHO900?500 MHz to 800 MHz Bandwidth Upgrade Option;MHO900?500 MHz to 800 MHz Bandwidth Upgrade Option; 48 972 ? 
MHO900-FlexA;MHO900, Flexray Bus Trigger and Decode Option;MHO900, Flexray Bus Trigger and Decode Option; 24 240 ? 
MHO900-RLU-05;MHO900, 500Mpts Memory Upgrade Option;MHO900, 500Mpts Memory Upgrade Option; 48 972 ? 
MSO5000-2RL;200 Mpts memory depth option;DS; 62 955 ? 
MSO5000-4CH;2CH update to 4CH;DS; 62 955 ? 
MSO5000-AERO;MIL-STD 1553 Serial Triggering and Analysis;DS; 47 216 ? 
MSO5000-AUDIO;Audio Serial Triggering and Analysis(I2S);DS; 47 216 ? 
MSO5000-AUTO;Automotive Serial Triggering and Analysis(CAN/LIN);DS; 47 216 ? 
MSO5000-AWG;Dual Channel WaveGen 25 MHz AWG;DS; 42 720 ? 
MSO5000-BND;Application Bundle Options?including all the serial protocol analysis software, measurement application option;DS; 112 420 ? 
MSO5000-BW0T1;BW 70MHz up to 100MHz;DS; 92 184 ? 
MSO5000-BW0T2;BW 70MHz up to 200MHz;DS; 222 592 ? 
MSO5000-BW0T3;BW 70MHz up to 350MHz;DS; 415 954 ? 
MSO5000-BW1T2;BW 100MHz up to 200MHz;DS; 191 114 ? 
MSO5000-BW1T3;BW 100MHz up to 350MHz;DS; 366 489 ? 
MSO5000-BW2T3;BW 200MHz up to 350MHz;DS; 206 853 ? 
MSO5000-COMP;Computer Serial Triggering and Analysis(RS232/UART);DS; 47 216 ? 
MSO5000-E-1RL;100Mpts Deep Memory Option;MSO5000-E; 40 471 ? 
MSO5000-E-AWG;25 MHz Arbitrary Waveform Generator;MSO5000-E; 26 981 ? 
MSO5000-E-BND;Application Bundle Options;MSO5000-E; 105 675 ? 
MSO5000-E-FPC;Front Panel Cover;MSO5000-E; 13 490 ? 
MSO5000-EMBD;Embedded Serial Triggering and Analysis(IIC, SPI);DS; 47 216 ? 
MSO5000-FLEX;FlexRay serial bus trigger and analysis (FlexRay);DS; 47 216 ? 
MSO5000-FPC;Front Panel Cover;DS; 13 490 ? 
MSO5000-PWR;Integrated Power Analysis;DS; 47 216 ? 
MSO5000-RM;Rack Mounting Kit;DS; 47 216 ? 
MSO7000-AWG;Dual Channel WaveGen 25 MHz AWG;MSO7000; 83 776 ? 
MSO8000A-BW15T20;1.5GHz to 2GHz bandwidth upgrade option;Digital Oscilloscope; 720 104 ? 
MSO8000A-BW20T30;MSO8000A series 2GHz to 3GHz bandwidth upgrade option;Digital Oscilloscope; 327 712 ? 
MSO8000A-BW7T15;MSO8000Aseries750MHzto1.5GHzbandwidthupgradeoption;Digital Oscilloscope; 510 972 ? 
MSO8000A-BW7T20;750MHz to 2GHz bandwidth upgrade option;Digital Oscilloscope; 666 204 ? 
MSO8000-AERO;MIL-STD 1553 Option;MSO8000; 165 458 ? 
MSO8000-AUDIO;I2S Analysis Option;MSO8000; 165 458 ? 
MSO8000-AUTO;CAN/LIN Option;MSO8000; 165 458 ? 
MSO8000-AWG;AWG Option;MSO8000; 117 286 ? 
MSO8000-BND;Application Bundle Options;MSO8000; 353 954 ? 
MSO8000-BW10T20;Bandwidth Upgrade From 1 GHz to 2 GHz;MSO8000; 582 120 ? 
MSO8000-BW6T10;Bandwidth Upgrade From 600 MHz to 1 GHz;MSO8000; 411 796 ? 
MSO8000-BW6T20;Bandwidth Upgrade From 600 MHz to 2 GHz;MSO8000; 944 328 ? 
MSO8000-COMP;RS232/UART Analysis;MSO8000; 165 458 ? 
MSO8000-EMBD;I2C/SPI Analysis Option;MSO8000; 165 458 ? 
MSO8000-FLEX;FlexRay Option;MSO8000; 165 458 ? 
MSO8000-FPC;MSO8000 Front Panel Cover;MSO8000; 16 755 ? 
MSO8000-JITTER;Eye diagram and jitter;MSO8000; 165 458 ? 
MSO8000-PWR;Power Analysis;MSO8000; 165 458 ? 
MSO9000-AFG200;2-channel 200MHz function generator option;MSO9000; 182 213 ? 
MSO9000-BND;MSO9000 Series Function Upgrade Total Package Bundle Option,Includes AFG bandwidth option, all decoding options;MSO9000; 490 736 ? 
MSO9000-RLU-20;MSO9000 2Gpts Memory Depth Upgrade Option;MSO9000; 260 506 ? 
NFP-3;Near Field Probe,Frequency range: 30 MHz - 3 GHz.;DSA; 77 493 ? 
OCXO-B08;High Stable Reference Clock;DSG800; 94 248 ? 
OCXO-C08;High Stability Clock;RSA; 117 286 ? 
PA1011;10W Power Amplifier;10W Power Amplifier; 62 832 ? 
PCA1030;Current Probe: 50MHz, 30A;Digital Oscilloscope; 815 584 ? 
PCA1030B;50MHz, 30A Current Probe;Digital Oscilloscope; 624 624 ? 
PCA1150;Current Probe: 10MHz, 150A;Digital Oscilloscope; 983 136 ? 
PCA1500;2MHz, 500A Current Probe;Digital Oscilloscope; 1 182 720 ? 
PCA2030;Current Probe: 100MHz, 30A;Digital Oscilloscope; 1 066 912 ? 
PHA0150;High Voltage Differential Probe, DC-70 MHz, 1500 Vpp;Digital Oscilloscope; 119 381 ? 
PHA1150;High Voltage Differential Probe, DC-100 MHz, 1500 Vpp;Digital Oscilloscope; 148 702 ? 
PHA2150;200MHz, 1500V High Voltage Differential Probe;Digital Oscilloscope; 236 667 ? 
PIA1020;Digital Oscillscope?13GHz?40GSa/s?4CH200MHz optical isolation probe, standard with one 20x attenuator.;Digital Oscilloscope; 868 344 ? 
PIA1050;500MHz optical isolation probe, standard with one 50x and one 2000x attenuator.;Digital Oscilloscope; 1 595 994 ? 
PIA1100;1GHz optical isolation probe, standard with one 50x and one 2000x attenuator.;Digital Oscilloscope; 2 420 664 ? 
PLA2216;16 Channel Digital Logic Probe;DS; 62 955 ? 
PLA3204;Quad-channel Logic Analyzer Probe;Digital Oscilloscope; 36 929 ? 
PRSC42;2-way power divider (DC to 4 GHz);Digital Oscilloscope; 15 739 ? 
PVA7250;2.5 GHz Differential Active Probe;Digital Oscilloscope; 781 211 ? 
PVA8150S;1.5GHz active single-ended probe, input impedance 1M?;Digital Oscilloscope; 308 062 ? 
PVA8350;3.5GHz Differential Active Probe;Digital Oscilloscope; 942 080 ? 
PVA8700;7GHz Differential Active Probe;Digital Oscilloscope; 1 405 250 ? 
PVA9100;10GHz Active Differential Voltage Probe;Digital Oscilloscope; 1 978 592 ? 
PVA9130;13GHz Active Differential Voltage Probe;Digital Oscilloscope; 2 356 323 ? 
PVA9-DB01-3X;200? Handheld Differential Probe Head;Digital Oscilloscope; 141 649 ? 
PVA9-DB01-6X;450? Handheld Differential Probe Head;Digital Oscilloscope; 141 649 ? 
PVA9-DS01-3X;200? Welded Differential Probe Head;Digital Oscilloscope; 141 649 ? 
PVA9-DS01-6X;450? Welded Differential Probe Head;Digital Oscilloscope; 141 649 ? 
PVA9-R-150;Lead resistance of welded probe head (150?, 4 pieces);Digital Oscilloscope; 35 974 ? 
PVA9-Steel Wire-015;Steel wire for handheld probe head (length 30cm, diameter 0.15mm);Digital Oscilloscope; 4 497 ? 
PVA9-Steel Wire-017;Steel wire for handheld probe head (length 30cm, diameter 0.17mm);Digital Oscilloscope; 4 497 ? 
PVP2150;150MHz,10:1/1:1,Passive High Impedance Probe(One Probe Kit);Oscilloscopes General Accessories; 6 376 ? 
PVP2350;350MHz,10:1/1:1,Passive High Impedance Probe(One Probe Kit);Oscilloscopes General Accessories; 8 254 ? 
PVP3150;150MHz, 10:1/1:1, Passive High Impedance Probe (One Probe Kit);Digital Oscilloscope; 6 376 ? 
RA5040K;40dB Attenuator;40dB Attenuator; 6 283 ? 
RF Adaptor Kit;Include: N(F)-N(F) Adaptor (1pcs), N(M)-N(M) Adaptor (1pcs), N(M)-SMA(F) Adaptor (2pcs), N(M)-BNC(F) Adaptor (2pcs), SMA(F)-SMA(F) Adaptor (1pcs), SMA(M)-SMA(M) Adaptor (1pcs), BNC T Type Adaptor (1pcs), 50 ? SMA Load (1pcs), 50 ? BNC Impedance Adapter (1pcs);DSA,DSG; 48 171 ? 
RF Attenuator Kit;Include: 6dB Attenuator (1pcs), 10dB Attenuator (2pcs);DSA,DSG; 77 493 ? 
RF CATV Kit;Include: 50 ? to 75 ? Adaptor (2pcs);DSA,DSG; 60 738 ? 
RM-1-DG1000Z;1 unit Rack Mount Kit;DG1000Z; 10 472 ? 
RM-1-DP700;Rack Mount Kit for one unit;DP700; 12 566 ? 
RM-1-DP800;Rack Mount Kit;DP800; 18 850 ? 
RM-1-M300;1 unit Rack Mount Kit;M300; 39 794 ? 
RM-2-DG1000Z;2 units Rack Mount Kit;DG1000Z; 14 661 ? 
RM-2-DP700;Rack Mount Kit for two units;DP700; 12 566 ? 
RM-2-DP800;Rack Mount Kit;DP800; 16 755 ? 
RM-2-M300;2 units Rack Mount Kit;M300; 43 982 ? 
RM-3-DP700;Rack Mount Kit for three units;DP700; 12 566 ? 
RM5041;Ultra-Portable Platform Rack Mount Kit;RM5041; 21 129 ? 
RM6041;Rack Mount Kit;RSA; 43 982 ? 
RM6051;Thunderbird Platform Rack Mount Kit;RM6051; 31 909 ? 
RM7011;Rack mounting kit compatible with DG70000 and DS70000 series;DG70000&DS70000; 42 689 ? 
RM-DG;Rack Mount Kit;DG1000; 25 133 ? 
RM-DG4000;Rack Mount Kit;DG4000; 23 038 ? 
RM-DG4000/DS1000Z;Rack Mount Kit;COMMON; 23 038 ? 
RM-DG5000;Rack Mount Kit;DG5000; 33 510 ? 
RM-DM3000;Rack Mount Kit;DMM Accessories; 18 850 ? 
RM-DS2000;Rack Mount Kit;Rack Mount Kit; 56 549 ? 
RM-DS4000;Rack Mount Kit;Rack Mount Kit; 50 266 ? 
RM-DS6000;Rack Mount Kit;Rack Mount Kit; 67 021 ? 
RM-DSA800;Rack Mount Kit;DSA800; 56 549 ? 
RM-DSG3000;Rack Mount Kit;DSG3000; 14 661 ? 
RP1000P;4CH Power Supply for Current Probe;4CH Power Supply for Current Probe; 261 184 ? 
RP1001C;300kHz, 100A DC;300kHz, 100A DC; 123 570 ? 
RP1002C;1MHz, 70A DC;1MHz, 70A DC; 253 422 ? 
RP1003C;50MHz, 30A;50MHz, 30A; 556 864 ? 
RP1004C;100MHz, 30A;100MHz, 30A; 805 728 ? 
RP1005C;10MHz, 150A;10MHz, 150A; 721 952 ? 
RP1006C;2MHz?500A;Digital Oscilloscope; 876 876 ? 
RP1010H;10kV, 50MHz High Voltage Probe;10kV, 50MHz High Voltage Probe; 73 304 ? 
RP1018H;18kV 150MHz High Voltage Probe;18kV 150MHz High Voltage Probe; 146 608 ? 
RP1025D;25MHz, 1.3kV;25MHz, 1.3kV; 67 021 ? 
RP1050D;50MHz, 6.5kV;50MHz, 6.5kV; 96 342 ? 
RP1100D;100MHz, 6.5kV;100MHz, 6.5kV; 111 003 ? 
RP1300H;300MHz High Voltage Probe(2KV);300MHz High Voltage Probe(2KV); 35 605 ? 
RP3500A;500MHz Passive High impedance Probe;500MHz Passive High impedance Probe; 33 510 ? 
RP6150A;1.5GHz Passive Low impedance Probe(500Ohm);1.5GHz Passive Low impedance Probe(500Ohm); 48 171 ? 
RP7080;800MHz Active Differential Probe;DS6000 MSO/DS4000; 312 066 ? 
RP7080S;800MHz Single-Ended Active Probe;DS6000 MSO/DS4000; 154 986 ? 
RP7150;1.5GHz Active Differential Probe;1.5GHz Active Differential Probe; 661 830 ? 
RP7150S;1.5GHz Single-Ended Active Probe;DS6000 MSO/DS4000; 376 992 ? 
RPA246;Power analysis phase difference calibration fixture;Digital Oscilloscope; 8 378 ? 
RPL1116;MSO1000Z Logic probe,16 channels;MSO1000Z; 33 634 ? 
RPL2316;MSO4000/2000A logic probe,16 channels;MSO4000,MSO2000A; 62 832 ? 
RSA3000-AMK;Advanced Measurement Kit;RSA3000; 90 059 ? 
RSA3000-B25;Realtime Analysis Bandwidth 25MHz;RSA3000; 134 042 ? 
RSA3000-B40;Realtime Analysis Bandwidth 40MHz;RSA3000; 222 006 ? 
RSA3000-BW1;RBW for 1Hz to 10MHz;RSA3000; 58 643 ? 
RSA3000E-AMK;Advanced Measurement Kit (for RSA3000E);RSA3000E; 90 059 ? 
RSA3000E-ASK/FSK;ASK/FSK demodulation option (for RSA3000E);RSA3000E; 90 059 ? 
RSA3000E-EMC;EMC filter and QP detector kit (for RSA3000E);RSA3000E; 58 643 ? 
RSA3000E-EMI;EMI pre-compliance test mode (for RSA3000E);RSA3000E; 134 042 ? 
RSA3000-EMC;EMI Filter and Detector;RSA3000; 73 304 ? 
RSA3000-EMI;EMI Measurement Application;RSA3000; 148 702 ? 
RSA3000E-PA;RSA3000E preamplifier;RSA3000E; 43 982 ? 
RSA3000-PA;Pre-amplifier;RSA3000; 37 699 ? 
RSA5000-AMK;Advanced Measurement Kit;RSA; 90 059 ? 
RSA5000-B40;Realtime Analysis Bandwidth;RSA; 222 006 ? 
RSA5000-EMI;EMI Measurement Application;RSA5000; 148 702 ? 
RSA5000-PA;Pre-amplifier;RSA; 58 643 ? 
RSA5000-VSA;Vector Signal Analysis Measurement Application;RSA5000; 297 405 ? 
RSA6000-ADM;Analog Demodulation Application Software;RSA6000; 226 380 ? 
RSA6000-AMK;Advanced Measurement Kit;RSA6000; 133 980 ? 
RSA6000-B200;200 MHz Analysis Bandwidth;RSA6000; 457 380 ? 
RSA6000-BTX;Bluetooth LE TX Measurement;RSA6000; 549 780 ? 
RSA6000-EMI;EMI Measurement Application Software;RSA6000; 226 380 ? 
RSA6000-LORA;LORA Measurement;RSA6000; 457 380 ? 
RSA6000-P08;Preamplifier (PA), 8.5 GHz;RSA6000; 180 180 ? 
RSA6000-P14;Preamplifier (PA), 14 GHz;RSA6000; 318 780 ? 
RSA6000-P26;Preamplifier (PA), 26.5 GHz;RSA6000; 457 380 ? 
RSA6000-PNOISE;Phase Noise Measurement;RSA6000; 226 380 ? 
RSA6000-PULSE;Pulse Measurement;RSA6000; 549 780 ? 
RSA6000-RB200;200 MHz Real-time Bandwidth;RSA6000; 688 380 ? 
RSA6000-T08;8.5 GHz Tracking Generator Output;RSA6000; 226 380 ? 
RSA6000-VSA;Vector Signal Analysis Application Software;RSA6000; 457 380 ? 
RSA6000-ZGB;ZIGBEE Measurement;RSA6000; 457 380 ? 
RSA800-ADM;Analog Demodulation Application Software;RSA800; 61 908 ? 
RSA800-AMK;Advanced Measurement Kit;RSA800; 36 498 ? 
RSA800-EMI;EMI Measurement Application Software;RSA800; 61 908 ? 
RSA800-PNOISE;Phase Noise Measurement;RSA800; 61 908 ? 
RSA800-VSA;Vector Signal Analysis Application Software;RSA800; 126 588 ? 
RX1000;RF Demo Kit (Receiver);DSA,DSG; 134 042 ? 
S1210;EMI Pre-compliance Software?Accessory for DSA;DSA; 77 493 ? 
S1220;;; 60 738 ? 
SKT7150;Differential socketed probe head kit;Digital Oscilloscope; 13 490 ? 
SLEWRATE-DL3;High Slew Rate Option;DL3000; 16 755 ? 
SPG-DP800;Green Safty Plug for DP800;DP800; 8 378 ? 
SSC-DSA;Signal Seamless Capture function;DSA; 31 416 ? 
T2R1000;Tektronix Probe to RIGOL adapter;Tektronix Probe to RIGOL adapter; 48 171 ? 
TF-AENET-CME-STP;Automotive Ethernet Common-Mode Emission Board;Digital Oscilloscope; 28 151 ? 
TF-AENET-MAT-STP;In-car Ethernet adapter SMA-MATEnet;Digital Oscilloscope; 72 965 ? 
TF-AENET-MB-STP;Car Ethernet distribution board;Digital Oscilloscope; 229 583 ? 
TF-AENET-MTD-STP;Onboard Ethernet adapter SMA-H-MTD;Digital Oscilloscope; 72 965 ? 
TF-AENET-PAD-STP;Car Ethernet welded adapter;Digital Oscilloscope; 72 965 ? 
TFB-AENET-MAT-STP;Car Ethernet MATEnet interface fixture kit;Digital Oscilloscope; 333 995 ? 
TFB-AENET-MTD-STP;Car Ethernet H-MTD interface fixture kit;Digital Oscilloscope; 333 995 ? 
TF-ENET10G-KIT-STP;10G/5G/2.5G Ethernet Compliance Test Fixture KIT;Digital Oscilloscope; 516 732 ? 
TF-ENET10G-RL-STP;return-loss test fixture;Digital Oscilloscope; 125 171 ? 
TF-ENET-STP;10/100/1000M Ethernet Compliance Test Fixture;Digital Oscilloscope; 588 526 ? 
TF-PCIE3-CBB-STP;PCIE3 Compliance CBB;Digital Oscilloscope; 1 378 115 ? 
TF-PCIE3-CLBX1X16-STP;PCIE3 Compliance CLBX1X16;Digital Oscilloscope; 1 273 703 ? 
TF-PCIE3-CLBX4X8-STP;PCIE Compliance CLBX4X8;Digital Oscilloscope; 1 404 234 ? 
TF-PCIE3-KIT-STP;PCIE3 Compliance Test Fixture KIT;Digital Oscilloscope; 3 962 328 ? 
TF-USB30A-STP;USB-A/B Port Consistency Test Fixture;Digital Oscilloscope; 751 766 ? 
TF-USB30C-STP;USB-C Port Consisitency Test Fixture;Digital Oscilloscope; 1 127 650 ? 
TF-USBD-STP;USB2.0 Device Compliance Test Fixture;Digital Oscilloscope; 73 304 ? 
TF-USBH-STP;USB2.0 Host Compliance Test Fixture;Digital Oscilloscope; 73 304 ? 
TIMER-DP700;Options for Timer;DP700; 8 254 ? 
TIP-MCX-1000X-02;200MHz, 1000x attenuator;Digital Oscilloscope; 152 460 ? 
TIP-MCX-1000X-05;500MHz, 1000x attenuator;Digital Oscilloscope; 203 280 ? 
TIP-MCX-1000X-1;1GHz, 1000x attenuator;Digital Oscilloscope; 304 920 ? 
TIP-MCX-2000X-05;500MHz, 2000x attenuator;Digital Oscilloscope; 203 280 ? 
TIP-MCX-2000X-1;1GHz, 2000x attenuator;Digital Oscilloscope; 304 920 ? 
TIP-MCX-5000X-05;500MHz, 5000x attenuator;Digital Oscilloscope; 203 280 ? 
TIP-MCX-5000X-1;1GHz, 5000x attenuator;Digital Oscilloscope; 304 920 ? 
TIP-MCX-500X-02;200MHz, 500x attenuator;Digital Oscilloscope; 152 460 ? 
TIP-MMCX-10X-02;200MHz, 10x attenuator;Digital Oscilloscope; 152 460 ? 
TIP-MMCX-20X-02;200MHz, 20x attenuator;Digital Oscilloscope; 152 460 ? 
TIP-MMCX-20X-05;500MHz, 20x attenuator;Digital Oscilloscope; 203 280 ? 
TIP-MMCX-20X-1;1GHz, 20x attenuator;Digital Oscilloscope; 304 920 ? 
TIP-MMCX-50X-05;500MHz, 50x attenuator;Digital Oscilloscope; 203 280 ? 
TIP-MMCX-50X-1;1GHz, 50x attenuator;Digital Oscilloscope; 304 920 ? 
TRIGGER-DP700;External trigger in and Internal trigger out;DP700; 8 254 ? 
TW12-19;Torque Wrench, 12 in-lb, 19.1 mm-open end;Vector Network Analyzer; 39 054 ? 
TW8-8;Torque Wrench, 8 in-lb, 8.1 mm-open end;Vector Network Analyzer; 39 054 ? 
TX1000;RF Demo Kit (Transmitter);DSA,DG; 142 419 ? 
Ultra Acquire Pro;Full Function PC Software;M300; 136 136 ? 
Ultra Spectrum;DSA PC Software;DSA; 37 699 ? 
Ultra Station-adv;Ultra Station Advanced Function Option;Signal Generator Option; 16 755 ? 
Ultraview;DMM PC Software;DM3058/DM3058E; 18 850 ? 
UPA-DS;Ultra Power Analyzer software;DS6000 MSO/DS4000 MSO/DS2000A; 129 853 ? 
USB-GPIB;USB-GPIB;COMMON; 50 266 ? 
USB-GPIB-L;USB to GPIB module;DL3000; 52 360 ? 
USB-LAN;USB2.0 to 100Mbps Ethernet Adapter;DG; 6 838 ? 
VB1032;VSWR Bridge? 1MHz to 3.2 GHz?Directivity >= 30dB(Typ.);DSA; 104 720 ? 
VB1080;VSWR Bridge? 2GHz to 8 GHz;DSA; 108 909 ? 
VSWR-DSA800;VSWR Measure Package;DSA800; 75 398 ? 
